This file contains any messages produced by compilers while
running configure, to aid debugging if configure makes a mistake.

It was created by Iperf configure 2.2.1, which was
generated by GNU Autoconf 2.72.  Invocation command line was

  $ ./configure

## --------- ##
## Platform. ##
## --------- ##

hostname = debianbd
uname -m = x86_64
uname -r = 6.12.105+deb13-amd64
uname -s = Linux
uname -v = #1 SMP PREEMPT_DYNAMIC Debian 6.12.105-1 (2026-08-24)

/usr/bin/uname -p = unknown
/bin/uname -X     = unknown

/bin/arch              = x86_64
/usr/bin/arch -k       = unknown
/usr/convex/getsysinfo = unknown
/usr/bin/hostinfo      = unknown
/bin/machine           = unknown
/usr/bin/oslevel       = unknown
/bin/universe          = unknown

PATH: /home/bedallas/develop/flutter_linux_3.38.7-stable/flutter/bin/
PATH: /home/bedallas/.config/Code/User/globalStorage/github.copilot-chat/debugCommand/
PATH: /home/bedallas/.config/Code/User/globalStorage/github.copilot-chat/copilotCli/
PATH: /home/bedallas/.sdkman/candidates/kotlin/current/bin/
PATH: /home/bedallas/develop/flutter_linux_3.38.7-stable/flutter/bin/
PATH: /home/bedallas/.local/share/swiftly/bin/
PATH: /usr/local/bin/
PATH: /usr/bin/
PATH: /bin/
PATH: /usr/local/games/
PATH: /usr/games/


## ----------- ##
## Core tests. ##
## ----------- ##

configure:2932: looking for aux files: compile config.guess config.sub missing install-sh
configure:2945:  trying ./
configure:2974:   ./compile found
configure:2974:   ./config.guess found
configure:2974:   ./config.sub found
configure:2974:   ./missing found
configure:2956:   ./install-sh found
configure:3106: checking for a BSD-compatible install
configure:3180: result: /usr/bin/install -c
configure:3191: checking whether build environment is sane
configure:3246: result: yes
configure:3407: checking for a race-free mkdir -p
configure:3450: result: /usr/bin/mkdir -p
configure:3457: checking for gawk
configure:3478: found /usr/bin/gawk
configure:3490: result: gawk
configure:3501: checking whether make sets $(MAKE)
configure:3525: result: yes
configure:3555: checking whether make supports nested variables
configure:3574: result: yes
configure:3712: checking whether to enable maintainer-specific portions of Makefiles
configure:3723: result: no
configure:4113: checking build system type
configure:4129: result: x86_64-pc-linux-gnu
configure:4149: checking host system type
configure:4164: result: x86_64-pc-linux-gnu
configure:4270: checking for g++
configure:4291: found /usr/bin/g++
configure:4303: result: g++
configure:4330: checking for C++ compiler version
configure:4339: g++ --version >&5
g++ (Debian 14.2.0-19) 14.2.0
Copyright (C) 2024 Free Software Foundation, Inc.
This is free software; see the source for copying conditions.  There is NO
warranty; not even for MERCHANTABILITY or FITNESS FOR A PARTICULAR PURPOSE.

configure:4350: $? = 0
configure:4339: g++ -v >&5
Using built-in specs.
COLLECT_GCC=g++
COLLECT_LTO_WRAPPER=/usr/libexec/gcc/x86_64-linux-gnu/14/lto-wrapper
OFFLOAD_TARGET_NAMES=nvptx-none:amdgcn-amdhsa
OFFLOAD_TARGET_DEFAULT=1
Target: x86_64-linux-gnu
Configured with: ../src/configure -v --with-pkgversion='Debian 14.2.0-19' --with-bugurl=file:///usr/share/doc/gcc-14/README.Bugs --enable-languages=c,ada,c++,go,d,fortran,objc,obj-c++,m2,rust --prefix=/usr --with-gcc-major-version-only --program-suffix=-14 --program-prefix=x86_64-linux-gnu- --enable-shared --enable-linker-build-id --libexecdir=/usr/libexec --without-included-gettext --enable-threads=posix --libdir=/usr/lib --enable-nls --enable-bootstrap --enable-clocale=gnu --enable-libstdcxx-debug --enable-libstdcxx-time=yes --with-default-libstdcxx-abi=new --enable-libstdcxx-backtrace --enable-gnu-unique-object --disable-vtable-verify --enable-plugin --enable-default-pie --with-system-zlib --enable-libphobos-checking=release --with-target-system-zlib=auto --enable-objc-gc=auto --enable-multiarch --disable-werror --enable-cet --with-arch-32=i686 --with-abi=m64 --with-multilib-list=m32,m64,mx32 --enable-multilib --with-tune=generic --enable-offload-targets=nvptx-none=/build/reproducible-path/gcc-14-14.2.0/debian/tmp-nvptx/usr,amdgcn-amdhsa=/build/reproducible-path/gcc-14-14.2.0/debian/tmp-gcn/usr --enable-offload-defaulted --without-cuda-driver --enable-checking=release --build=x86_64-linux-gnu --host=x86_64-linux-gnu --target=x86_64-linux-gnu --with-build-config=bootstrap-lto-lean --enable-link-serialization=3
Thread model: posix
Supported LTO compression algorithms: zlib zstd
gcc version 14.2.0 (Debian 14.2.0-19) 
... rest of stderr output deleted ...
configure:4350: $? = 0
configure:4339: g++ -V >&5
g++: error: unrecognized command-line option '-V'
g++: fatal error: no input files
compilation terminated.
configure:4350: $? = 1
configure:4339: g++ -qversion >&5
g++: error: unrecognized command-line option '-qversion'; did you mean '--version'?
g++: fatal error: no input files
compilation terminated.
configure:4350: $? = 1
configure:4370: checking whether the C++ compiler works
configure:4392: g++    conftest.cpp  >&5
configure:4396: $? = 0
configure:4447: result: yes
configure:4451: checking for C++ compiler default output file name
configure:4453: result: a.out
configure:4459: checking for suffix of executables
configure:4466: g++ -o conftest    conftest.cpp  >&5
configure:4470: $? = 0
configure:4494: result: 
configure:4518: checking whether we are cross compiling
configure:4526: g++ -o conftest    conftest.cpp  >&5
configure:4530: $? = 0
configure:4537: ./conftest
configure:4541: $? = 0
configure:4556: result: no
configure:4562: checking for suffix of object files
configure:4585: g++ -c   conftest.cpp >&5
configure:4589: $? = 0
configure:4613: result: o
configure:4617: checking whether the compiler supports GNU C++
configure:4637: g++ -c   conftest.cpp >&5
configure:4637: $? = 0
configure:4649: result: yes
configure:4660: checking whether g++ accepts -g
configure:4681: g++ -c -g  conftest.cpp >&5
configure:4681: $? = 0
configure:4728: result: yes
configure:4748: checking for g++ option to enable C++11 features
configure:4763: g++  -c -g -O2  conftest.cpp >&5
conftest.cpp: In function 'int main(int, char**)':
conftest.cpp:177:25: warning: empty parentheses were disambiguated as a function declaration [-Wvexing-parse]
  177 |   cxx11test::delegate d2();
      |                         ^~
conftest.cpp:177:25: note: remove parentheses to default-initialize a variable
  177 |   cxx11test::delegate d2();
      |                         ^~
      |                         --
conftest.cpp:177:25: note: or replace parentheses with braces to value-initialize a variable
configure:4763: $? = 0
configure:4782: result: none needed
configure:4854: checking whether make supports the include directive
configure:4869: make -f confmf.GNU && cat confinc.out
this is the am__doit target
configure:4872: $? = 0
configure:4891: result: yes (GNU style)
configure:4917: checking dependency style of g++
configure:5030: result: gcc3
configure:5108: checking for gcc
configure:5129: found /usr/bin/gcc
configure:5141: result: gcc
configure:5500: checking for C compiler version
configure:5509: gcc --version >&5
gcc (Debian 14.2.0-19) 14.2.0
Copyright (C) 2024 Free Software Foundation, Inc.
This is free software; see the source for copying conditions.  There is NO
warranty; not even for MERCHANTABILITY or FITNESS FOR A PARTICULAR PURPOSE.

configure:5520: $? = 0
configure:5509: gcc -v >&5
Using built-in specs.
COLLECT_GCC=gcc
COLLECT_LTO_WRAPPER=/usr/libexec/gcc/x86_64-linux-gnu/14/lto-wrapper
OFFLOAD_TARGET_NAMES=nvptx-none:amdgcn-amdhsa
OFFLOAD_TARGET_DEFAULT=1
Target: x86_64-linux-gnu
Configured with: ../src/configure -v --with-pkgversion='Debian 14.2.0-19' --with-bugurl=file:///usr/share/doc/gcc-14/README.Bugs --enable-languages=c,ada,c++,go,d,fortran,objc,obj-c++,m2,rust --prefix=/usr --with-gcc-major-version-only --program-suffix=-14 --program-prefix=x86_64-linux-gnu- --enable-shared --enable-linker-build-id --libexecdir=/usr/libexec --without-included-gettext --enable-threads=posix --libdir=/usr/lib --enable-nls --enable-bootstrap --enable-clocale=gnu --enable-libstdcxx-debug --enable-libstdcxx-time=yes --with-default-libstdcxx-abi=new --enable-libstdcxx-backtrace --enable-gnu-unique-object --disable-vtable-verify --enable-plugin --enable-default-pie --with-system-zlib --enable-libphobos-checking=release --with-target-system-zlib=auto --enable-objc-gc=auto --enable-multiarch --disable-werror --enable-cet --with-arch-32=i686 --with-abi=m64 --with-multilib-list=m32,m64,mx32 --enable-multilib --with-tune=generic --enable-offload-targets=nvptx-none=/build/reproducible-path/gcc-14-14.2.0/debian/tmp-nvptx/usr,amdgcn-amdhsa=/build/reproducible-path/gcc-14-14.2.0/debian/tmp-gcn/usr --enable-offload-defaulted --without-cuda-driver --enable-checking=release --build=x86_64-linux-gnu --host=x86_64-linux-gnu --target=x86_64-linux-gnu --with-build-config=bootstrap-lto-lean --enable-link-serialization=3
Thread model: posix
Supported LTO compression algorithms: zlib zstd
gcc version 14.2.0 (Debian 14.2.0-19) 
... rest of stderr output deleted ...
configure:5520: $? = 0
configure:5509: gcc -V >&5
gcc: error: unrecognized command-line option '-V'
gcc: fatal error: no input files
compilation terminated.
configure:5520: $? = 1
configure:5509: gcc -qversion >&5
gcc: error: unrecognized command-line option '-qversion'; did you mean '--version'?
gcc: fatal error: no input files
compilation terminated.
configure:5520: $? = 1
configure:5509: gcc -version >&5
gcc: error: unrecognized command-line option '-version'
gcc: fatal error: no input files
compilation terminated.
configure:5520: $? = 1
configure:5524: checking whether the compiler supports GNU C
configure:5544: gcc -c -O2  conftest.c >&5
configure:5544: $? = 0
configure:5556: result: yes
configure:5567: checking whether gcc accepts -g
configure:5588: gcc -c -g  conftest.c >&5
configure:5588: $? = 0
configure:5635: result: yes
configure:5655: checking for gcc option to enable C11 features
configure:5670: gcc  -c -O2  conftest.c >&5
configure:5670: $? = 0
configure:5689: result: none needed
configure:5813: checking whether gcc understands -c and -o together
configure:5836: gcc -c conftest.c -o conftest2.o
configure:5839: $? = 0
configure:5836: gcc -c conftest.c -o conftest2.o
configure:5839: $? = 0
configure:5852: result: yes
configure:5871: checking dependency style of gcc
configure:5984: result: gcc3
configure:6000: checking for library containing strerror
configure:6036: gcc -o conftest -O2   conftest.c  >&5
configure:6036: $? = 0
configure:6058: result: none required
configure:6068: checking whether make sets $(MAKE)
configure:6092: result: yes
configure:6150: checking for ranlib
configure:6171: found /usr/bin/ranlib
configure:6183: result: ranlib
configure:6212: checking for clock_gettime in -lrt
configure:6241: gcc -o conftest -O2   conftest.c -lrt   >&5
configure:6241: $? = 0
configure:6253: result: yes
configure:6266: checking for a sed that does not truncate output
configure:6338: result: /usr/bin/sed
configure:6348: checking how to run the C preprocessor
configure:6374: gcc -E  conftest.c
configure:6374: $? = 0
configure:6390: gcc -E  conftest.c
conftest.c:12:10: fatal error: ac_nonexistent.h: No such file or directory
   12 | #include <ac_nonexistent.h>
      |          ^~~~~~~~~~~~~~~~~~
compilation terminated.
configure:6390: $? = 1
configure: failed program was:
| /* confdefs.h */
| #define PACKAGE_NAME "Iperf"
| #define PACKAGE_TARNAME "iperf"
| #define PACKAGE_VERSION "2.2.1"
| #define PACKAGE_STRING "Iperf 2.2.1"
| #define PACKAGE_BUGREPORT ""
| #define PACKAGE_URL ""
| #define PACKAGE "iperf"
| #define VERSION "2.2.1"
| #define HAVE_LIBRT 1
| /* end confdefs.h.  */
| #include <ac_nonexistent.h>
configure:6419: result: gcc -E
configure:6433: gcc -E  conftest.c
configure:6433: $? = 0
configure:6449: gcc -E  conftest.c
conftest.c:12:10: fatal error: ac_nonexistent.h: No such file or directory
   12 | #include <ac_nonexistent.h>
      |          ^~~~~~~~~~~~~~~~~~
compilation terminated.
configure:6449: $? = 1
configure: failed program was:
| /* confdefs.h */
| #define PACKAGE_NAME "Iperf"
| #define PACKAGE_TARNAME "iperf"
| #define PACKAGE_VERSION "2.2.1"
| #define PACKAGE_STRING "Iperf 2.2.1"
| #define PACKAGE_BUGREPORT ""
| #define PACKAGE_URL ""
| #define PACKAGE "iperf"
| #define VERSION "2.2.1"
| #define HAVE_LIBRT 1
| /* end confdefs.h.  */
| #include <ac_nonexistent.h>
configure:6482: checking for egrep -e
configure:6612: result: /usr/bin/grep -E
configure:6808: checking whether gcc is Clang
configure:6836: result: no
configure:6965: checking whether pthreads work with -pthread
configure:7072: gcc -o conftest -O2 -pthread   conftest.c  -lrt  >&5
configure:7072: $? = 0
configure:7082: result: yes
configure:7102: checking for joinable pthread attribute
configure:7121: gcc -o conftest -O2 -pthread   conftest.c  -lrt  >&5
configure:7121: $? = 0
configure:7131: result: PTHREAD_CREATE_JOINABLE
configure:7144: checking whether more special flags are required for pthreads
configure:7159: result: no
configure:7168: checking for PTHREAD_PRIO_INHERIT
configure:7186: gcc -o conftest -O2 -pthread   conftest.c  -lrt  >&5
configure:7186: $? = 0
configure:7198: result: yes
configure:7316: checking for library containing gethostbyname
configure:7352: gcc -o conftest -O2   conftest.c -lrt  >&5
configure:7352: $? = 0
configure:7374: result: none required
configure:7383: checking for library containing socket
configure:7419: gcc -o conftest -O2   conftest.c -lrt  >&5
configure:7419: $? = 0
configure:7441: result: none required
configure:7475: checking for stdio.h
configure:7475: gcc -c -O2  conftest.c >&5
configure:7475: $? = 0
configure:7475: result: yes
configure:7475: checking for stdlib.h
configure:7475: gcc -c -O2  conftest.c >&5
configure:7475: $? = 0
configure:7475: result: yes
configure:7475: checking for string.h
configure:7475: gcc -c -O2  conftest.c >&5
configure:7475: $? = 0
configure:7475: result: yes
configure:7475: checking for inttypes.h
configure:7475: gcc -c -O2  conftest.c >&5
configure:7475: $? = 0
configure:7475: result: yes
configure:7475: checking for stdint.h
configure:7475: gcc -c -O2  conftest.c >&5
configure:7475: $? = 0
configure:7475: result: yes
configure:7475: checking for strings.h
configure:7475: gcc -c -O2  conftest.c >&5
configure:7475: $? = 0
configure:7475: result: yes
configure:7475: checking for sys/stat.h
configure:7475: gcc -c -O2  conftest.c >&5
configure:7475: $? = 0
configure:7475: result: yes
configure:7475: checking for sys/types.h
configure:7475: gcc -c -O2  conftest.c >&5
configure:7475: $? = 0
configure:7475: result: yes
configure:7475: checking for unistd.h
configure:7475: gcc -c -O2  conftest.c >&5
configure:7475: $? = 0
configure:7475: result: yes
configure:7475: checking for sys/select.h
configure:7475: gcc -c -O2  conftest.c >&5
configure:7475: $? = 0
configure:7475: result: yes
configure:7475: checking for sys/socket.h
configure:7475: gcc -c -O2  conftest.c >&5
configure:7475: $? = 0
configure:7475: result: yes
configure:7500: checking for arpa/inet.h
configure:7500: gcc -c -O2  conftest.c >&5
configure:7500: $? = 0
configure:7500: result: yes
configure:7506: checking for libintl.h
configure:7506: gcc -c -O2  conftest.c >&5
configure:7506: $? = 0
configure:7506: result: yes
configure:7512: checking for net/ethernet.h
configure:7512: gcc -c -O2  conftest.c >&5
configure:7512: $? = 0
configure:7512: result: yes
configure:7518: checking for net/if.h
configure:7518: gcc -c -O2  conftest.c >&5
configure:7518: $? = 0
configure:7518: result: yes
configure:7524: checking for sys/ioctl.h
configure:7524: gcc -c -O2  conftest.c >&5
configure:7524: $? = 0
configure:7524: result: yes
configure:7530: checking for sys/sockio.h
configure:7530: gcc -c -O2  conftest.c >&5
conftest.c:61:10: fatal error: sys/sockio.h: No such file or directory
   61 | #include <sys/sockio.h>
      |          ^~~~~~~~~~~~~~
compilation terminated.
configure:7530: $? = 1
configure: failed program was:
| /* confdefs.h */
| #define PACKAGE_NAME "Iperf"
| #define PACKAGE_TARNAME "iperf"
| #define PACKAGE_VERSION "2.2.1"
| #define PACKAGE_STRING "Iperf 2.2.1"
| #define PACKAGE_BUGREPORT ""
| #define PACKAGE_URL ""
| #define PACKAGE "iperf"
| #define VERSION "2.2.1"
| #define HAVE_LIBRT 1
| #define HAVE_PTHREAD_PRIO_INHERIT 1
| #define HAVE_PTHREAD 1
| #define HAVE_POSIX_THREAD 1
| #define _REENTRANT 1
| #define HAVE_STDIO_H 1
| #define HAVE_STDLIB_H 1
| #define HAVE_STRING_H 1
| #define HAVE_INTTYPES_H 1
| #define HAVE_STDINT_H 1
| #define HAVE_STRINGS_H 1
| #define HAVE_SYS_STAT_H 1
| #define HAVE_SYS_TYPES_H 1
| #define HAVE_UNISTD_H 1
| #define HAVE_SYS_SELECT_H 1
| #define HAVE_SYS_SOCKET_H 1
| #define STDC_HEADERS 1
| #define HAVE_ARPA_INET_H 1
| #define HAVE_LIBINTL_H 1
| #define HAVE_NET_ETHERNET_H 1
| #define HAVE_NET_IF_H 1
| #define HAVE_SYS_IOCTL_H 1
| /* end confdefs.h.  */
| #include <stddef.h>
| #ifdef HAVE_STDIO_H
| # include <stdio.h>
| #endif
| #ifdef HAVE_STDLIB_H
| # include <stdlib.h>
| #endif
| #ifdef HAVE_STRING_H
| # include <string.h>
| #endif
| #ifdef HAVE_INTTYPES_H
| # include <inttypes.h>
| #endif
| #ifdef HAVE_STDINT_H
| # include <stdint.h>
| #endif
| #ifdef HAVE_STRINGS_H
| # include <strings.h>
| #endif
| #ifdef HAVE_SYS_TYPES_H
| # include <sys/types.h>
| #endif
| #ifdef HAVE_SYS_STAT_H
| # include <sys/stat.h>
| #endif
| #ifdef HAVE_UNISTD_H
| # include <unistd.h>
| #endif
| #include <sys/sockio.h>
configure:7530: result: no
configure:7536: checking for linux/sockios.h
configure:7536: gcc -c -O2  conftest.c >&5
configure:7536: $? = 0
configure:7536: result: yes
configure:7542: checking for linux/ip.h
configure:7542: gcc -c -O2  conftest.c >&5
configure:7542: $? = 0
configure:7542: result: yes
configure:7548: checking for linux/udp.h
configure:7548: gcc -c -O2  conftest.c >&5
configure:7548: $? = 0
configure:7548: result: yes
configure:7554: checking for linux/tcp.h
configure:7554: gcc -c -O2  conftest.c >&5
configure:7554: $? = 0
configure:7554: result: yes
configure:7560: checking for linux/if_packet.h
configure:7560: gcc -c -O2  conftest.c >&5
configure:7560: $? = 0
configure:7560: result: yes
configure:7566: checking for linux/filter.h
configure:7566: gcc -c -O2  conftest.c >&5
configure:7566: $? = 0
configure:7566: result: yes
configure:7572: checking for linux/if_tun.h
configure:7572: gcc -c -O2  conftest.c >&5
configure:7572: $? = 0
configure:7572: result: yes
configure:7578: checking for netdb.h
configure:7578: gcc -c -O2  conftest.c >&5
configure:7578: $? = 0
configure:7578: result: yes
configure:7584: checking for netinet/in.h
configure:7584: gcc -c -O2  conftest.c >&5
configure:7584: $? = 0
configure:7584: result: yes
configure:7590: checking for netinet/tcp.h
configure:7590: gcc -c -O2  conftest.c >&5
configure:7590: $? = 0
configure:7590: result: yes
configure:7596: checking for netinet/ip.h
configure:7596: gcc -c -O2  conftest.c >&5
configure:7596: $? = 0
configure:7596: result: yes
configure:7602: checking for netinet/udp.h
configure:7602: gcc -c -O2  conftest.c >&5
configure:7602: $? = 0
configure:7602: result: yes
configure:7608: checking for stdlib.h
configure:7608: result: yes
configure:7614: checking for string.h
configure:7614: result: yes
configure:7620: checking for strings.h
configure:7620: result: yes
configure:7626: checking for sys/socket.h
configure:7626: result: yes
configure:7632: checking for sys/time.h
configure:7632: gcc -c -O2  conftest.c >&5
configure:7632: $? = 0
configure:7632: result: yes
configure:7638: checking for syslog.h
configure:7638: gcc -c -O2  conftest.c >&5
configure:7638: $? = 0
configure:7638: result: yes
configure:7644: checking for unistd.h
configure:7644: result: yes
configure:7650: checking for signal.h
configure:7650: gcc -c -O2  conftest.c >&5
configure:7650: $? = 0
configure:7650: result: yes
configure:7659: checking for an ANSI C-conforming const
configure:7726: gcc -c -O2  conftest.c >&5
configure:7726: $? = 0
configure:7736: result: yes
configure:7744: checking for size_t
configure:7744: gcc -c -O2  conftest.c >&5
configure:7744: $? = 0
configure:7744: gcc -c -O2  conftest.c >&5
conftest.c: In function 'main':
conftest.c:84:21: error: expected expression before ')' token
   84 | if (sizeof ((size_t)))
      |                     ^
configure:7744: $? = 1
configure: failed program was:
| /* confdefs.h */
| #define PACKAGE_NAME "Iperf"
| #define PACKAGE_TARNAME "iperf"
| #define PACKAGE_VERSION "2.2.1"
| #define PACKAGE_STRING "Iperf 2.2.1"
| #define PACKAGE_BUGREPORT ""
| #define PACKAGE_URL ""
| #define PACKAGE "iperf"
| #define VERSION "2.2.1"
| #define HAVE_LIBRT 1
| #define HAVE_PTHREAD_PRIO_INHERIT 1
| #define HAVE_PTHREAD 1
| #define HAVE_POSIX_THREAD 1
| #define _REENTRANT 1
| #define HAVE_STDIO_H 1
| #define HAVE_STDLIB_H 1
| #define HAVE_STRING_H 1
| #define HAVE_INTTYPES_H 1
| #define HAVE_STDINT_H 1
| #define HAVE_STRINGS_H 1
| #define HAVE_SYS_STAT_H 1
| #define HAVE_SYS_TYPES_H 1
| #define HAVE_UNISTD_H 1
| #define HAVE_SYS_SELECT_H 1
| #define HAVE_SYS_SOCKET_H 1
| #define STDC_HEADERS 1
| #define HAVE_ARPA_INET_H 1
| #define HAVE_LIBINTL_H 1
| #define HAVE_NET_ETHERNET_H 1
| #define HAVE_NET_IF_H 1
| #define HAVE_SYS_IOCTL_H 1
| #define HAVE_LINUX_SOCKIOS_H 1
| #define HAVE_LINUX_IP_H 1
| #define HAVE_LINUX_UDP_H 1
| #define HAVE_LINUX_TCP_H 1
| #define HAVE_LINUX_IF_PACKET_H 1
| #define HAVE_LINUX_FILTER_H 1
| #define HAVE_LINUX_IF_TUN_H 1
| #define HAVE_NETDB_H 1
| #define HAVE_NETINET_IN_H 1
| #define HAVE_NETINET_TCP_H 1
| #define HAVE_NETINET_IP_H 1
| #define HAVE_NETINET_UDP_H 1
| #define HAVE_STDLIB_H 1
| #define HAVE_STRING_H 1
| #define HAVE_STRINGS_H 1
| #define HAVE_SYS_SOCKET_H 1
| #define HAVE_SYS_TIME_H 1
| #define HAVE_SYSLOG_H 1
| #define HAVE_UNISTD_H 1
| #define HAVE_SIGNAL_H 1
| /* end confdefs.h.  */
| #include <stddef.h>
| #ifdef HAVE_STDIO_H
| # include <stdio.h>
| #endif
| #ifdef HAVE_STDLIB_H
| # include <stdlib.h>
| #endif
| #ifdef HAVE_STRING_H
| # include <string.h>
| #endif
| #ifdef HAVE_INTTYPES_H
| # include <inttypes.h>
| #endif
| #ifdef HAVE_STDINT_H
| # include <stdint.h>
| #endif
| #ifdef HAVE_STRINGS_H
| # include <strings.h>
| #endif
| #ifdef HAVE_SYS_TYPES_H
| # include <sys/types.h>
| #endif
| #ifdef HAVE_SYS_STAT_H
| # include <sys/stat.h>
| #endif
| #ifdef HAVE_UNISTD_H
| # include <unistd.h>
| #endif
| int
| main (void)
| {
| if (sizeof ((size_t)))
| 	    return 0;
|   ;
|   return 0;
| }
configure:7744: result: yes
configure:7755: checking for ssize_t
configure:7755: gcc -c -O2  conftest.c >&5
configure:7755: $? = 0
configure:7755: gcc -c -O2  conftest.c >&5
conftest.c: In function 'main':
conftest.c:84:22: error: expected expression before ')' token
   84 | if (sizeof ((ssize_t)))
      |                      ^
configure:7755: $? = 1
configure: failed program was:
| /* confdefs.h */
| #define PACKAGE_NAME "Iperf"
| #define PACKAGE_TARNAME "iperf"
| #define PACKAGE_VERSION "2.2.1"
| #define PACKAGE_STRING "Iperf 2.2.1"
| #define PACKAGE_BUGREPORT ""
| #define PACKAGE_URL ""
| #define PACKAGE "iperf"
| #define VERSION "2.2.1"
| #define HAVE_LIBRT 1
| #define HAVE_PTHREAD_PRIO_INHERIT 1
| #define HAVE_PTHREAD 1
| #define HAVE_POSIX_THREAD 1
| #define _REENTRANT 1
| #define HAVE_STDIO_H 1
| #define HAVE_STDLIB_H 1
| #define HAVE_STRING_H 1
| #define HAVE_INTTYPES_H 1
| #define HAVE_STDINT_H 1
| #define HAVE_STRINGS_H 1
| #define HAVE_SYS_STAT_H 1
| #define HAVE_SYS_TYPES_H 1
| #define HAVE_UNISTD_H 1
| #define HAVE_SYS_SELECT_H 1
| #define HAVE_SYS_SOCKET_H 1
| #define STDC_HEADERS 1
| #define HAVE_ARPA_INET_H 1
| #define HAVE_LIBINTL_H 1
| #define HAVE_NET_ETHERNET_H 1
| #define HAVE_NET_IF_H 1
| #define HAVE_SYS_IOCTL_H 1
| #define HAVE_LINUX_SOCKIOS_H 1
| #define HAVE_LINUX_IP_H 1
| #define HAVE_LINUX_UDP_H 1
| #define HAVE_LINUX_TCP_H 1
| #define HAVE_LINUX_IF_PACKET_H 1
| #define HAVE_LINUX_FILTER_H 1
| #define HAVE_LINUX_IF_TUN_H 1
| #define HAVE_NETDB_H 1
| #define HAVE_NETINET_IN_H 1
| #define HAVE_NETINET_TCP_H 1
| #define HAVE_NETINET_IP_H 1
| #define HAVE_NETINET_UDP_H 1
| #define HAVE_STDLIB_H 1
| #define HAVE_STRING_H 1
| #define HAVE_STRINGS_H 1
| #define HAVE_SYS_SOCKET_H 1
| #define HAVE_SYS_TIME_H 1
| #define HAVE_SYSLOG_H 1
| #define HAVE_UNISTD_H 1
| #define HAVE_SIGNAL_H 1
| /* end confdefs.h.  */
| #include <stddef.h>
| #ifdef HAVE_STDIO_H
| # include <stdio.h>
| #endif
| #ifdef HAVE_STDLIB_H
| # include <stdlib.h>
| #endif
| #ifdef HAVE_STRING_H
| # include <string.h>
| #endif
| #ifdef HAVE_INTTYPES_H
| # include <inttypes.h>
| #endif
| #ifdef HAVE_STDINT_H
| # include <stdint.h>
| #endif
| #ifdef HAVE_STRINGS_H
| # include <strings.h>
| #endif
| #ifdef HAVE_SYS_TYPES_H
| # include <sys/types.h>
| #endif
| #ifdef HAVE_SYS_STAT_H
| # include <sys/stat.h>
| #endif
| #ifdef HAVE_UNISTD_H
| # include <unistd.h>
| #endif
| int
| main (void)
| {
| if (sizeof ((ssize_t)))
| 	    return 0;
|   ;
|   return 0;
| }
configure:7755: result: yes
configure:7769: checking whether struct tm is in sys/time.h or time.h
configure:7790: gcc -c -O2  conftest.c >&5
configure:7790: $? = 0
configure:7800: result: time.h
configure:7809: checking for int64_t
configure:7809: gcc -c -O2  conftest.c >&5
configure:7809: $? = 0
configure:7809: gcc -c -O2  conftest.c >&5
conftest.c: In function 'main':
conftest.c:85:22: error: expected expression before ')' token
   85 | if (sizeof ((int64_t)))
      |                      ^
configure:7809: $? = 1
configure: failed program was:
| /* confdefs.h */
| #define PACKAGE_NAME "Iperf"
| #define PACKAGE_TARNAME "iperf"
| #define PACKAGE_VERSION "2.2.1"
| #define PACKAGE_STRING "Iperf 2.2.1"
| #define PACKAGE_BUGREPORT ""
| #define PACKAGE_URL ""
| #define PACKAGE "iperf"
| #define VERSION "2.2.1"
| #define HAVE_LIBRT 1
| #define HAVE_PTHREAD_PRIO_INHERIT 1
| #define HAVE_PTHREAD 1
| #define HAVE_POSIX_THREAD 1
| #define _REENTRANT 1
| #define HAVE_STDIO_H 1
| #define HAVE_STDLIB_H 1
| #define HAVE_STRING_H 1
| #define HAVE_INTTYPES_H 1
| #define HAVE_STDINT_H 1
| #define HAVE_STRINGS_H 1
| #define HAVE_SYS_STAT_H 1
| #define HAVE_SYS_TYPES_H 1
| #define HAVE_UNISTD_H 1
| #define HAVE_SYS_SELECT_H 1
| #define HAVE_SYS_SOCKET_H 1
| #define STDC_HEADERS 1
| #define HAVE_ARPA_INET_H 1
| #define HAVE_LIBINTL_H 1
| #define HAVE_NET_ETHERNET_H 1
| #define HAVE_NET_IF_H 1
| #define HAVE_SYS_IOCTL_H 1
| #define HAVE_LINUX_SOCKIOS_H 1
| #define HAVE_LINUX_IP_H 1
| #define HAVE_LINUX_UDP_H 1
| #define HAVE_LINUX_TCP_H 1
| #define HAVE_LINUX_IF_PACKET_H 1
| #define HAVE_LINUX_FILTER_H 1
| #define HAVE_LINUX_IF_TUN_H 1
| #define HAVE_NETDB_H 1
| #define HAVE_NETINET_IN_H 1
| #define HAVE_NETINET_TCP_H 1
| #define HAVE_NETINET_IP_H 1
| #define HAVE_NETINET_UDP_H 1
| #define HAVE_STDLIB_H 1
| #define HAVE_STRING_H 1
| #define HAVE_STRINGS_H 1
| #define HAVE_SYS_SOCKET_H 1
| #define HAVE_SYS_TIME_H 1
| #define HAVE_SYSLOG_H 1
| #define HAVE_UNISTD_H 1
| #define HAVE_SIGNAL_H 1
| #define HAVE_SSIZE_T 1
| /* end confdefs.h.  */
| #include <stddef.h>
| #ifdef HAVE_STDIO_H
| # include <stdio.h>
| #endif
| #ifdef HAVE_STDLIB_H
| # include <stdlib.h>
| #endif
| #ifdef HAVE_STRING_H
| # include <string.h>
| #endif
| #ifdef HAVE_INTTYPES_H
| # include <inttypes.h>
| #endif
| #ifdef HAVE_STDINT_H
| # include <stdint.h>
| #endif
| #ifdef HAVE_STRINGS_H
| # include <strings.h>
| #endif
| #ifdef HAVE_SYS_TYPES_H
| # include <sys/types.h>
| #endif
| #ifdef HAVE_SYS_STAT_H
| # include <sys/stat.h>
| #endif
| #ifdef HAVE_UNISTD_H
| # include <unistd.h>
| #endif
| int
| main (void)
| {
| if (sizeof ((int64_t)))
| 	    return 0;
|   ;
|   return 0;
| }
configure:7809: result: yes
configure:7821: checking 3rd argument of accept
configure:7850: g++ -c -g -O2  conftest.cpp >&5
configure:7850: $? = 0
configure:8015: result: socklen_t
configure:8027: checking for working memcmp
configure:8072: gcc -o conftest -O2   conftest.c -lrt  >&5
configure:8072: $? = 0
configure:8072: ./conftest
configure:8072: $? = 0
configure:8086: result: yes
configure:8098: checking types of arguments for select
configure:8128: gcc -c -O2  conftest.c >&5
configure:8128: $? = 0
configure:8139: result: int,fd_set *,struct timeval *
configure:8160: checking for strftime
configure:8160: gcc -o conftest -O2   conftest.c -lrt  >&5
conftest.c:75:6: warning: conflicting types for built-in function 'strftime'; expected 'long unsigned int(char *, long unsigned int,  const char *, const void *)' [-Wbuiltin-declaration-mismatch]
   75 | char strftime (void);
      |      ^~~~~~~~
conftest.c:67:1: note: 'strftime' is declared in header '<time.h>'
   66 | #include <limits.h>
   67 | #undef strftime
configure:8160: $? = 0
configure:8160: result: yes
configure:8225: checking for vprintf
configure:8225: gcc -o conftest -O2   conftest.c -lrt  >&5
conftest.c:76:6: warning: conflicting types for built-in function 'vprintf'; expected 'int(const char *, __va_list_tag *)' [-Wbuiltin-declaration-mismatch]
   76 | char vprintf (void);
      |      ^~~~~~~
conftest.c:68:1: note: 'vprintf' is declared in header '<stdio.h>'
   67 | #include <limits.h>
   68 | #undef vprintf
configure:8225: $? = 0
configure:8225: result: yes
configure:8246: checking for atexit
configure:8246: gcc -o conftest -O2   conftest.c -lrt  >&5
configure:8246: $? = 0
configure:8246: result: yes
configure:8252: checking for memset
configure:8252: gcc -o conftest -O2   conftest.c -lrt  >&5
conftest.c:78:6: warning: conflicting types for built-in function 'memset'; expected 'void *(void *, int,  long unsigned int)' [-Wbuiltin-declaration-mismatch]
   78 | char memset (void);
      |      ^~~~~~
conftest.c:70:1: note: 'memset' is declared in header '<string.h>'
   69 | #include <limits.h>
   70 | #undef memset
configure:8252: $? = 0
configure:8252: result: yes
configure:8258: checking for select
configure:8258: gcc -o conftest -O2   conftest.c -lrt  >&5
configure:8258: $? = 0
configure:8258: result: yes
configure:8264: checking for strchr
configure:8264: gcc -o conftest -O2   conftest.c -lrt  >&5
conftest.c:80:6: warning: conflicting types for built-in function 'strchr'; expected 'char *(const char *, int)' [-Wbuiltin-declaration-mismatch]
   80 | char strchr (void);
      |      ^~~~~~
conftest.c:72:1: note: 'strchr' is declared in header '<string.h>'
   71 | #include <limits.h>
   72 | #undef strchr
configure:8264: $? = 0
configure:8264: result: yes
configure:8270: checking for strerror
configure:8270: gcc -o conftest -O2   conftest.c -lrt  >&5
configure:8270: $? = 0
configure:8270: result: yes
configure:8276: checking for strtol
configure:8276: gcc -o conftest -O2   conftest.c -lrt  >&5
configure:8276: $? = 0
configure:8276: result: yes
configure:8282: checking for strtoll
configure:8282: gcc -o conftest -O2   conftest.c -lrt  >&5
configure:8282: $? = 0
configure:8282: result: yes
configure:8288: checking for strtod
configure:8288: gcc -o conftest -O2   conftest.c -lrt  >&5
configure:8288: $? = 0
configure:8288: result: yes
configure:8294: checking for usleep
configure:8294: gcc -o conftest -O2   conftest.c -lrt  >&5
configure:8294: $? = 0
configure:8294: result: yes
configure:8300: checking for clock_gettime
configure:8300: gcc -o conftest -O2   conftest.c -lrt  >&5
configure:8300: $? = 0
configure:8300: result: yes
configure:8306: checking for sched_setscheduler
configure:8306: gcc -o conftest -O2   conftest.c -lrt  >&5
configure:8306: $? = 0
configure:8306: result: yes
configure:8312: checking for sched_yield
configure:8312: gcc -o conftest -O2   conftest.c -lrt  >&5
configure:8312: $? = 0
configure:8312: result: yes
configure:8318: checking for mlockall
configure:8318: gcc -o conftest -O2   conftest.c -lrt  >&5
configure:8318: $? = 0
configure:8318: result: yes
configure:8324: checking for setitimer
configure:8324: gcc -o conftest -O2   conftest.c -lrt  >&5
configure:8324: $? = 0
configure:8324: result: yes
configure:8330: checking for nanosleep
configure:8330: gcc -o conftest -O2   conftest.c -lrt  >&5
configure:8330: $? = 0
configure:8330: result: yes
configure:8336: checking for clock_nanosleep
configure:8336: gcc -o conftest -O2   conftest.c -lrt  >&5
configure:8336: $? = 0
configure:8336: result: yes
configure:8342: checking for freopen
configure:8342: gcc -o conftest -O2   conftest.c -lrt  >&5
configure:8342: $? = 0
configure:8342: result: yes
configure:8348: checking for getifaddrs
configure:8348: gcc -o conftest -O2   conftest.c -lrt  >&5
configure:8348: $? = 0
configure:8348: result: yes
configure:8356: checking for snprintf
configure:8356: gcc -o conftest -O2   conftest.c -lrt  >&5
conftest.c:95:6: warning: conflicting types for built-in function 'snprintf'; expected 'int(char *, long unsigned int,  const char *, ...)' [-Wbuiltin-declaration-mismatch]
   95 | char snprintf (void);
      |      ^~~~~~~~
conftest.c:87:1: note: 'snprintf' is declared in header '<stdio.h>'
   86 | #include <limits.h>
   87 | #undef snprintf
configure:8356: $? = 0
configure:8356: result: yes
configure:8370: checking for gettimeofday
configure:8370: gcc -o conftest -O2   conftest.c -lrt  >&5
configure:8370: $? = 0
configure:8370: result: yes
configure:8386: checking for inet_pton
configure:8386: gcc -o conftest -O2   conftest.c -lrt  >&5
configure:8386: $? = 0
configure:8386: result: yes
configure:8400: checking for inet_ntop
configure:8400: gcc -o conftest -O2   conftest.c -lrt  >&5
configure:8400: $? = 0
configure:8400: result: yes
configure:8417: checking for gcc options needed to detect all undeclared functions
configure:8439: gcc -c -O2   conftest.c >&5
conftest.c: In function 'main':
conftest.c:87:8: error: 'strchr' undeclared (first use in this function)
   87 | (void) strchr;
      |        ^~~~~~
conftest.c:1:1: note: 'strchr' is defined in header '<string.h>'; this is probably fixable by adding '#include <string.h>'
    1 | /* confdefs.h */
conftest.c:87:8: note: each undeclared identifier is reported only once for each function it appears in
   87 | (void) strchr;
      |        ^~~~~~
configure:8439: $? = 1
configure: failed program was:
| /* confdefs.h */
| #define PACKAGE_NAME "Iperf"
| #define PACKAGE_TARNAME "iperf"
| #define PACKAGE_VERSION "2.2.1"
| #define PACKAGE_STRING "Iperf 2.2.1"
| #define PACKAGE_BUGREPORT ""
| #define PACKAGE_URL ""
| #define PACKAGE "iperf"
| #define VERSION "2.2.1"
| #define HAVE_LIBRT 1
| #define HAVE_PTHREAD_PRIO_INHERIT 1
| #define HAVE_PTHREAD 1
| #define HAVE_POSIX_THREAD 1
| #define _REENTRANT 1
| #define HAVE_STDIO_H 1
| #define HAVE_STDLIB_H 1
| #define HAVE_STRING_H 1
| #define HAVE_INTTYPES_H 1
| #define HAVE_STDINT_H 1
| #define HAVE_STRINGS_H 1
| #define HAVE_SYS_STAT_H 1
| #define HAVE_SYS_TYPES_H 1
| #define HAVE_UNISTD_H 1
| #define HAVE_SYS_SELECT_H 1
| #define HAVE_SYS_SOCKET_H 1
| #define STDC_HEADERS 1
| #define HAVE_ARPA_INET_H 1
| #define HAVE_LIBINTL_H 1
| #define HAVE_NET_ETHERNET_H 1
| #define HAVE_NET_IF_H 1
| #define HAVE_SYS_IOCTL_H 1
| #define HAVE_LINUX_SOCKIOS_H 1
| #define HAVE_LINUX_IP_H 1
| #define HAVE_LINUX_UDP_H 1
| #define HAVE_LINUX_TCP_H 1
| #define HAVE_LINUX_IF_PACKET_H 1
| #define HAVE_LINUX_FILTER_H 1
| #define HAVE_LINUX_IF_TUN_H 1
| #define HAVE_NETDB_H 1
| #define HAVE_NETINET_IN_H 1
| #define HAVE_NETINET_TCP_H 1
| #define HAVE_NETINET_IP_H 1
| #define HAVE_NETINET_UDP_H 1
| #define HAVE_STDLIB_H 1
| #define HAVE_STRING_H 1
| #define HAVE_STRINGS_H 1
| #define HAVE_SYS_SOCKET_H 1
| #define HAVE_SYS_TIME_H 1
| #define HAVE_SYSLOG_H 1
| #define HAVE_UNISTD_H 1
| #define HAVE_SIGNAL_H 1
| #define HAVE_SSIZE_T 1
| #define HAVE_INT64_T 1
| #define Socklen_t socklen_t
| #define SELECT_TYPE_ARG1 int
| #define SELECT_TYPE_ARG234 (fd_set *)
| #define SELECT_TYPE_ARG5 (struct timeval *)
| #define HAVE_STRFTIME 1
| #define HAVE_VPRINTF 1
| #define HAVE_ATEXIT 1
| #define HAVE_MEMSET 1
| #define HAVE_SELECT 1
| #define HAVE_STRCHR 1
| #define HAVE_STRERROR 1
| #define HAVE_STRTOL 1
| #define HAVE_STRTOLL 1
| #define HAVE_STRTOD 1
| #define HAVE_USLEEP 1
| #define HAVE_CLOCK_GETTIME 1
| #define HAVE_SCHED_SETSCHEDULER 1
| #define HAVE_SCHED_YIELD 1
| #define HAVE_MLOCKALL 1
| #define HAVE_SETITIMER 1
| #define HAVE_NANOSLEEP 1
| #define HAVE_CLOCK_NANOSLEEP 1
| #define HAVE_FREOPEN 1
| #define HAVE_GETIFADDRS 1
| #define HAVE_SNPRINTF 1
| #define HAVE_GETTIMEOFDAY 1
| #define HAVE_INET_PTON 1
| #define HAVE_INET_NTOP 1
| /* end confdefs.h.  */
| 
| int
| main (void)
| {
| (void) strchr;
|   ;
|   return 0;
| }
configure:8466: gcc -c -O2   conftest.c >&5
configure:8466: $? = 0
configure:8486: result: none needed
configure:8500: checking whether ENOBUFS is declared
configure:8500: gcc -c -O2   conftest.c >&5
configure:8500: $? = 0
configure:8500: result: yes
configure:8510: checking whether EWOULDBLOCK is declared
configure:8510: gcc -c -O2   conftest.c >&5
configure:8510: $? = 0
configure:8510: result: yes
configure:8521: checking whether SIOCGIFMTU is declared
configure:8521: gcc -c -O2   conftest.c >&5
configure:8521: $? = 0
configure:8521: result: yes
configure:8539: checking whether pthread_cancel is declared
configure:8539: gcc -c -O2   conftest.c >&5
configure:8539: $? = 0
configure:8539: result: yes
configure:8549: checking whether pthread_threadid_np is declared
configure:8549: gcc -c -O2   conftest.c >&5
conftest.c: In function 'main':
conftest.c:96:10: error: 'pthread_threadid_np' undeclared (first use in this function)
   96 |   (void) pthread_threadid_np;
      |          ^~~~~~~~~~~~~~~~~~~
conftest.c:96:10: note: each undeclared identifier is reported only once for each function it appears in
configure:8549: $? = 1
configure: failed program was:
| /* confdefs.h */
| #define PACKAGE_NAME "Iperf"
| #define PACKAGE_TARNAME "iperf"
| #define PACKAGE_VERSION "2.2.1"
| #define PACKAGE_STRING "Iperf 2.2.1"
| #define PACKAGE_BUGREPORT ""
| #define PACKAGE_URL ""
| #define PACKAGE "iperf"
| #define VERSION "2.2.1"
| #define HAVE_LIBRT 1
| #define HAVE_PTHREAD_PRIO_INHERIT 1
| #define HAVE_PTHREAD 1
| #define HAVE_POSIX_THREAD 1
| #define _REENTRANT 1
| #define HAVE_STDIO_H 1
| #define HAVE_STDLIB_H 1
| #define HAVE_STRING_H 1
| #define HAVE_INTTYPES_H 1
| #define HAVE_STDINT_H 1
| #define HAVE_STRINGS_H 1
| #define HAVE_SYS_STAT_H 1
| #define HAVE_SYS_TYPES_H 1
| #define HAVE_UNISTD_H 1
| #define HAVE_SYS_SELECT_H 1
| #define HAVE_SYS_SOCKET_H 1
| #define STDC_HEADERS 1
| #define HAVE_ARPA_INET_H 1
| #define HAVE_LIBINTL_H 1
| #define HAVE_NET_ETHERNET_H 1
| #define HAVE_NET_IF_H 1
| #define HAVE_SYS_IOCTL_H 1
| #define HAVE_LINUX_SOCKIOS_H 1
| #define HAVE_LINUX_IP_H 1
| #define HAVE_LINUX_UDP_H 1
| #define HAVE_LINUX_TCP_H 1
| #define HAVE_LINUX_IF_PACKET_H 1
| #define HAVE_LINUX_FILTER_H 1
| #define HAVE_LINUX_IF_TUN_H 1
| #define HAVE_NETDB_H 1
| #define HAVE_NETINET_IN_H 1
| #define HAVE_NETINET_TCP_H 1
| #define HAVE_NETINET_IP_H 1
| #define HAVE_NETINET_UDP_H 1
| #define HAVE_STDLIB_H 1
| #define HAVE_STRING_H 1
| #define HAVE_STRINGS_H 1
| #define HAVE_SYS_SOCKET_H 1
| #define HAVE_SYS_TIME_H 1
| #define HAVE_SYSLOG_H 1
| #define HAVE_UNISTD_H 1
| #define HAVE_SIGNAL_H 1
| #define HAVE_SSIZE_T 1
| #define HAVE_INT64_T 1
| #define Socklen_t socklen_t
| #define SELECT_TYPE_ARG1 int
| #define SELECT_TYPE_ARG234 (fd_set *)
| #define SELECT_TYPE_ARG5 (struct timeval *)
| #define HAVE_STRFTIME 1
| #define HAVE_VPRINTF 1
| #define HAVE_ATEXIT 1
| #define HAVE_MEMSET 1
| #define HAVE_SELECT 1
| #define HAVE_STRCHR 1
| #define HAVE_STRERROR 1
| #define HAVE_STRTOL 1
| #define HAVE_STRTOLL 1
| #define HAVE_STRTOD 1
| #define HAVE_USLEEP 1
| #define HAVE_CLOCK_GETTIME 1
| #define HAVE_SCHED_SETSCHEDULER 1
| #define HAVE_SCHED_YIELD 1
| #define HAVE_MLOCKALL 1
| #define HAVE_SETITIMER 1
| #define HAVE_NANOSLEEP 1
| #define HAVE_CLOCK_NANOSLEEP 1
| #define HAVE_FREOPEN 1
| #define HAVE_GETIFADDRS 1
| #define HAVE_SNPRINTF 1
| #define HAVE_GETTIMEOFDAY 1
| #define HAVE_INET_PTON 1
| #define HAVE_INET_NTOP 1
| #define HAVE_DECL_ENOBUFS 1
| #define HAVE_DECL_EWOULDBLOCK 1
| #define HAVE_DECL_SIOCGIFMTU 1
| #define HAVE_DECL_PTHREAD_CANCEL 1
| /* end confdefs.h.  */
| #include <pthread.h>
| 
| int
| main (void)
| {
| #ifndef pthread_threadid_np
| #ifdef __cplusplus
|   (void) pthread_threadid_np;
| #else
|   (void) pthread_threadid_np;
| #endif
| #endif
| 
|   ;
|   return 0;
| }
configure:8549: result: no
configure:8560: checking whether CPU_SET is declared
configure:8560: gcc -c -O2   conftest.c >&5
configure:8560: $? = 0
configure:8560: result: yes
configure:8574: checking whether SIGALRM is declared
configure:8574: gcc -c -O2   conftest.c >&5
configure:8574: $? = 0
configure:8574: result: yes
configure:8601: checking whether AF_INET6 is declared
configure:8601: gcc -c -O2   conftest.c >&5
configure:8601: $? = 0
configure:8601: result: yes
configure:8611: checking whether SO_TIMESTAMP is declared
configure:8611: gcc -c -O2   conftest.c >&5
configure:8611: $? = 0
configure:8611: result: yes
configure:8621: checking whether SO_SNDTIMEO is declared
configure:8621: gcc -c -O2   conftest.c >&5
configure:8621: $? = 0
configure:8621: result: yes
configure:8631: checking whether SO_REUSEADDR is declared
configure:8631: gcc -c -O2   conftest.c >&5
configure:8631: $? = 0
configure:8631: result: yes
configure:8641: checking whether SO_REUSEPORT is declared
configure:8641: gcc -c -O2   conftest.c >&5
configure:8641: $? = 0
configure:8641: result: yes
configure:8651: checking whether SO_BINDTODEVICE is declared
configure:8651: gcc -c -O2   conftest.c >&5
configure:8651: $? = 0
configure:8651: result: yes
configure:8661: checking whether MSG_DONTWAIT is declared
configure:8661: gcc -c -O2   conftest.c >&5
configure:8661: $? = 0
configure:8661: result: yes
configure:8671: checking whether MSG_CTRUNC is declared
configure:8671: gcc -c -O2   conftest.c >&5
configure:8671: $? = 0
configure:8671: result: yes
configure:8681: checking whether SO_MAX_PACING_RATE is declared
configure:8681: gcc -c -O2   conftest.c >&5
configure:8681: $? = 0
configure:8681: result: yes
configure:8691: checking whether SO_DONTROUTE is declared
configure:8691: gcc -c -O2   conftest.c >&5
configure:8691: $? = 0
configure:8691: result: yes
configure:8701: checking whether IPV6_TCLASS is declared
configure:8701: gcc -c -O2   conftest.c >&5
configure:8701: $? = 0
configure:8701: result: yes
configure:8711: checking whether IP_MULTICAST_ALL is declared
configure:8711: gcc -c -O2   conftest.c >&5
configure:8711: $? = 0
configure:8711: result: yes
configure:8721: checking whether IP_TOS is declared
configure:8721: gcc -c -O2   conftest.c >&5
configure:8721: $? = 0
configure:8721: result: yes
configure:8731: checking whether IP_DROP_MEMBERSHIP is declared
configure:8731: gcc -c -O2   conftest.c >&5
configure:8731: $? = 0
configure:8731: result: yes
configure:8741: checking whether IPV6_LEAVE_GROUP is declared
configure:8741: gcc -c -O2   conftest.c >&5
configure:8741: $? = 0
configure:8741: result: yes
configure:8751: checking whether MCAST_LEAVE_GROUP is declared
configure:8751: gcc -c -O2   conftest.c >&5
configure:8751: $? = 0
configure:8751: result: yes
configure:8761: checking whether MSG_TRUNC is declared
configure:8761: gcc -c -O2   conftest.c >&5
configure:8761: $? = 0
configure:8761: result: yes
configure:8771: checking whether IP_RECVTOS is declared
configure:8771: gcc -c -O2   conftest.c >&5
configure:8771: $? = 0
configure:8771: result: yes
configure:8781: checking whether CMSG_FIRSTHDR is declared
configure:8781: gcc -c -O2   conftest.c >&5
configure:8781: $? = 0
configure:8781: result: yes
configure:8791: checking whether CMSG_SPACE is declared
configure:8791: gcc -c -O2   conftest.c >&5
configure:8791: $? = 0
configure:8791: result: yes
configure:8801: checking whether CMSG_LEN is declared
configure:8801: gcc -c -O2   conftest.c >&5
configure:8801: $? = 0
configure:8801: result: yes
configure:8811: checking whether MCAST_JOIN_GROUP is declared
configure:8811: gcc -c -O2   conftest.c >&5
configure:8811: $? = 0
configure:8811: result: yes
configure:8821: checking whether MCAST_JOIN_SOURCE_GROUP is declared
configure:8821: gcc -c -O2   conftest.c >&5
configure:8821: $? = 0
configure:8821: result: yes
configure:8831: checking whether MCAST_LEAVE_SOURCE_GROUP is declared
configure:8831: gcc -c -O2   conftest.c >&5
configure:8831: $? = 0
configure:8831: result: yes
configure:8841: checking whether IPV6_JOIN_GROUP is declared
configure:8841: gcc -c -O2   conftest.c >&5
configure:8841: $? = 0
configure:8841: result: yes
configure:8851: checking whether IPV6_V6ONLY is declared
configure:8851: gcc -c -O2   conftest.c >&5
configure:8851: $? = 0
configure:8851: result: yes
configure:8861: checking whether IPV6_ADD_MEMBERSHIP is declared
configure:8861: gcc -c -O2   conftest.c >&5
configure:8861: $? = 0
configure:8861: result: yes
configure:8871: checking whether IPV6_MULTICAST_HOPS is declared
configure:8871: gcc -c -O2   conftest.c >&5
configure:8871: $? = 0
configure:8871: result: yes
configure:8881: checking whether MSG_PEEK is declared
configure:8881: gcc -c -O2   conftest.c >&5
configure:8881: $? = 0
configure:8881: result: yes
configure:8891: checking whether MSG_WAITALL is declared
configure:8891: gcc -c -O2   conftest.c >&5
configure:8891: $? = 0
configure:8891: result: yes
configure:8901: checking whether TCP_CONGESTION is declared
configure:8901: gcc -c -O2   conftest.c >&5
configure:8901: $? = 0
configure:8901: result: yes
configure:8911: checking whether TCP_NODELAY is declared
configure:8911: gcc -c -O2   conftest.c >&5
configure:8911: $? = 0
configure:8911: result: yes
configure:8921: checking whether TCP_INFO is declared
configure:8921: gcc -c -O2   conftest.c >&5
configure:8921: $? = 0
configure:8921: result: yes
configure:8931: checking whether TCP_CONNECTION_INFO is declared
configure:8931: gcc -c -O2   conftest.c >&5
conftest.c: In function 'main':
conftest.c:144:10: error: 'TCP_CONNECTION_INFO' undeclared (first use in this function); did you mean 'TCP_CONGESTION'?
  144 |   (void) TCP_CONNECTION_INFO;
      |          ^~~~~~~~~~~~~~~~~~~
      |          TCP_CONGESTION
conftest.c:144:10: note: each undeclared identifier is reported only once for each function it appears in
configure:8931: $? = 1
configure: failed program was:
| /* confdefs.h */
| #define PACKAGE_NAME "Iperf"
| #define PACKAGE_TARNAME "iperf"
| #define PACKAGE_VERSION "2.2.1"
| #define PACKAGE_STRING "Iperf 2.2.1"
| #define PACKAGE_BUGREPORT ""
| #define PACKAGE_URL ""
| #define PACKAGE "iperf"
| #define VERSION "2.2.1"
| #define HAVE_LIBRT 1
| #define HAVE_PTHREAD_PRIO_INHERIT 1
| #define HAVE_PTHREAD 1
| #define HAVE_POSIX_THREAD 1
| #define _REENTRANT 1
| #define HAVE_STDIO_H 1
| #define HAVE_STDLIB_H 1
| #define HAVE_STRING_H 1
| #define HAVE_INTTYPES_H 1
| #define HAVE_STDINT_H 1
| #define HAVE_STRINGS_H 1
| #define HAVE_SYS_STAT_H 1
| #define HAVE_SYS_TYPES_H 1
| #define HAVE_UNISTD_H 1
| #define HAVE_SYS_SELECT_H 1
| #define HAVE_SYS_SOCKET_H 1
| #define STDC_HEADERS 1
| #define HAVE_ARPA_INET_H 1
| #define HAVE_LIBINTL_H 1
| #define HAVE_NET_ETHERNET_H 1
| #define HAVE_NET_IF_H 1
| #define HAVE_SYS_IOCTL_H 1
| #define HAVE_LINUX_SOCKIOS_H 1
| #define HAVE_LINUX_IP_H 1
| #define HAVE_LINUX_UDP_H 1
| #define HAVE_LINUX_TCP_H 1
| #define HAVE_LINUX_IF_PACKET_H 1
| #define HAVE_LINUX_FILTER_H 1
| #define HAVE_LINUX_IF_TUN_H 1
| #define HAVE_NETDB_H 1
| #define HAVE_NETINET_IN_H 1
| #define HAVE_NETINET_TCP_H 1
| #define HAVE_NETINET_IP_H 1
| #define HAVE_NETINET_UDP_H 1
| #define HAVE_STDLIB_H 1
| #define HAVE_STRING_H 1
| #define HAVE_STRINGS_H 1
| #define HAVE_SYS_SOCKET_H 1
| #define HAVE_SYS_TIME_H 1
| #define HAVE_SYSLOG_H 1
| #define HAVE_UNISTD_H 1
| #define HAVE_SIGNAL_H 1
| #define HAVE_SSIZE_T 1
| #define HAVE_INT64_T 1
| #define Socklen_t socklen_t
| #define SELECT_TYPE_ARG1 int
| #define SELECT_TYPE_ARG234 (fd_set *)
| #define SELECT_TYPE_ARG5 (struct timeval *)
| #define HAVE_STRFTIME 1
| #define HAVE_VPRINTF 1
| #define HAVE_ATEXIT 1
| #define HAVE_MEMSET 1
| #define HAVE_SELECT 1
| #define HAVE_STRCHR 1
| #define HAVE_STRERROR 1
| #define HAVE_STRTOL 1
| #define HAVE_STRTOLL 1
| #define HAVE_STRTOD 1
| #define HAVE_USLEEP 1
| #define HAVE_CLOCK_GETTIME 1
| #define HAVE_SCHED_SETSCHEDULER 1
| #define HAVE_SCHED_YIELD 1
| #define HAVE_MLOCKALL 1
| #define HAVE_SETITIMER 1
| #define HAVE_NANOSLEEP 1
| #define HAVE_CLOCK_NANOSLEEP 1
| #define HAVE_FREOPEN 1
| #define HAVE_GETIFADDRS 1
| #define HAVE_SNPRINTF 1
| #define HAVE_GETTIMEOFDAY 1
| #define HAVE_INET_PTON 1
| #define HAVE_INET_NTOP 1
| #define HAVE_DECL_ENOBUFS 1
| #define HAVE_DECL_EWOULDBLOCK 1
| #define HAVE_DECL_SIOCGIFMTU 1
| #define HAVE_DECL_PTHREAD_CANCEL 1
| #define HAVE_DECL_PTHREAD_THREADID_NP 0
| #define HAVE_DECL_CPU_SET 1
| #define HAVE_DECL_SIGALRM 1
| #define HAVE_DECL_AF_INET6 1
| #define HAVE_DECL_SO_TIMESTAMP 1
| #define HAVE_DECL_SO_SNDTIMEO 1
| #define HAVE_DECL_SO_REUSEADDR 1
| #define HAVE_DECL_SO_REUSEPORT 1
| #define HAVE_DECL_SO_BINDTODEVICE 1
| #define HAVE_DECL_MSG_DONTWAIT 1
| #define HAVE_DECL_MSG_CTRUNC 1
| #define HAVE_DECL_SO_MAX_PACING_RATE 1
| #define HAVE_DECL_SO_DONTROUTE 1
| #define HAVE_DECL_IPV6_TCLASS 1
| #define HAVE_DECL_IP_MULTICAST_ALL 1
| #define HAVE_DECL_IP_TOS 1
| #define HAVE_DECL_IP_DROP_MEMBERSHIP 1
| #define HAVE_DECL_IPV6_LEAVE_GROUP 1
| #define HAVE_DECL_MCAST_LEAVE_GROUP 1
| #define HAVE_DECL_MSG_TRUNC 1
| #define HAVE_DECL_IP_RECVTOS 1
| #define HAVE_DECL_CMSG_FIRSTHDR 1
| #define HAVE_DECL_CMSG_SPACE 1
| #define HAVE_DECL_CMSG_LEN 1
| #define HAVE_DECL_MCAST_JOIN_GROUP 1
| #define HAVE_DECL_MCAST_JOIN_SOURCE_GROUP 1
| #define HAVE_DECL_MCAST_LEAVE_SOURCE_GROUP 1
| #define HAVE_DECL_IPV6_JOIN_GROUP 1
| #define HAVE_DECL_IPV6_V6ONLY 1
| #define HAVE_DECL_IPV6_ADD_MEMBERSHIP 1
| #define HAVE_DECL_IPV6_MULTICAST_HOPS 1
| #define HAVE_DECL_MSG_PEEK 1
| #define HAVE_DECL_MSG_WAITALL 1
| #define HAVE_DECL_TCP_CONGESTION 1
| #define HAVE_DECL_TCP_NODELAY 1
| #define HAVE_DECL_TCP_INFO 1
| /* end confdefs.h.  */
| 
| #ifdef HAVE_WINSOCK2_H
| #define _WIN32_WINNT 0x0501 /* use (at least) WinXP API */
| #define WIN32_LEAN_AND_MEAN /* exclude unnecesary headers */
| #include <windows.h>
| #include <winsock2.h>
| #include <ws2tcpip.h>
| #else
| #include <sys/socket.h>
| #include <netinet/in.h>
| #include <netinet/tcp.h>
| #endif
| 
| 
| int
| main (void)
| {
| #ifndef TCP_CONNECTION_INFO
| #ifdef __cplusplus
|   (void) TCP_CONNECTION_INFO;
| #else
|   (void) TCP_CONNECTION_INFO;
| #endif
| #endif
| 
|   ;
|   return 0;
| }
configure:8931: result: no
configure:8941: checking whether TCP_WINDOW_CLAMP is declared
configure:8941: gcc -c -O2   conftest.c >&5
configure:8941: $? = 0
configure:8941: result: yes
configure:8951: checking whether TCP_TX_DELAY is declared
configure:8951: gcc -c -O2   conftest.c >&5
configure:8951: $? = 0
configure:8951: result: yes
configure:8961: checking whether TCP_QUICKACK is declared
configure:8961: gcc -c -O2   conftest.c >&5
configure:8961: $? = 0
configure:8961: result: yes
configure:8971: checking whether SO_ZEROCOPY is declared
configure:8971: gcc -c -O2   conftest.c >&5
configure:8971: $? = 0
configure:8971: result: yes
configure:8981: checking whether MSG_ZEROCOPY is declared
configure:8981: gcc -c -O2   conftest.c >&5
configure:8981: $? = 0
configure:8981: result: yes
configure:8991: checking whether MSG_ERRQUEUE is declared
configure:8991: gcc -c -O2   conftest.c >&5
configure:8991: $? = 0
configure:8991: result: yes
configure:9001: checking whether IP_MULTICAST_IF is declared
configure:9001: gcc -c -O2   conftest.c >&5
configure:9001: $? = 0
configure:9001: result: yes
configure:9011: checking whether IPV6_MULTICAST_IF is declared
configure:9011: gcc -c -O2   conftest.c >&5
configure:9011: $? = 0
configure:9011: result: yes
configure:9021: checking whether MCAST_BLOCK_SOURCE is declared
configure:9021: gcc -c -O2   conftest.c >&5
configure:9021: $? = 0
configure:9021: result: yes
configure:9031: checking whether MCAST_UNBLOCK_SOURCE is declared
configure:9031: gcc -c -O2   conftest.c >&5
configure:9031: $? = 0
configure:9031: result: yes
configure:9041: checking whether IP_BLOCK_SOURCE is declared
configure:9041: gcc -c -O2   conftest.c >&5
configure:9041: $? = 0
configure:9041: result: yes
configure:9051: checking whether IP_UNBLOCK_SOURCE is declared
configure:9051: gcc -c -O2   conftest.c >&5
configure:9051: $? = 0
configure:9051: result: yes
configure:9061: checking whether TCP_NOTSENT_LOWAT is declared
configure:9061: gcc -c -O2   conftest.c >&5
configure:9061: $? = 0
configure:9061: result: yes
configure:9071: checking whether TCP_MAXSEG is declared
configure:9071: gcc -c -O2   conftest.c >&5
configure:9071: $? = 0
configure:9071: result: yes
configure:9081: checking whether IP_ADD_MEMBERSHIP is declared
configure:9081: gcc -c -O2   conftest.c >&5
configure:9081: $? = 0
configure:9081: result: yes
configure:9091: checking whether IP_ADD_SOURCE_MEMBERSHIP is declared
configure:9091: gcc -c -O2   conftest.c >&5
configure:9091: $? = 0
configure:9091: result: yes
configure:9101: checking whether IP_DROP_SOURCE_MEMBERSHIP is declared
configure:9101: gcc -c -O2   conftest.c >&5
configure:9101: $? = 0
configure:9101: result: yes
configure:9113: checking for struct sockaddr_storage
configure:9113: gcc -c -O2  conftest.c >&5
configure:9113: $? = 0
configure:9113: gcc -c -O2  conftest.c >&5
conftest.c: In function 'main':
conftest.c:158:38: error: expected expression before ')' token
  158 | if (sizeof ((struct sockaddr_storage)))
      |                                      ^
configure:9113: $? = 1
configure: failed program was:
| /* confdefs.h */
| #define PACKAGE_NAME "Iperf"
| #define PACKAGE_TARNAME "iperf"
| #define PACKAGE_VERSION "2.2.1"
| #define PACKAGE_STRING "Iperf 2.2.1"
| #define PACKAGE_BUGREPORT ""
| #define PACKAGE_URL ""
| #define PACKAGE "iperf"
| #define VERSION "2.2.1"
| #define HAVE_LIBRT 1
| #define HAVE_PTHREAD_PRIO_INHERIT 1
| #define HAVE_PTHREAD 1
| #define HAVE_POSIX_THREAD 1
| #define _REENTRANT 1
| #define HAVE_STDIO_H 1
| #define HAVE_STDLIB_H 1
| #define HAVE_STRING_H 1
| #define HAVE_INTTYPES_H 1
| #define HAVE_STDINT_H 1
| #define HAVE_STRINGS_H 1
| #define HAVE_SYS_STAT_H 1
| #define HAVE_SYS_TYPES_H 1
| #define HAVE_UNISTD_H 1
| #define HAVE_SYS_SELECT_H 1
| #define HAVE_SYS_SOCKET_H 1
| #define STDC_HEADERS 1
| #define HAVE_ARPA_INET_H 1
| #define HAVE_LIBINTL_H 1
| #define HAVE_NET_ETHERNET_H 1
| #define HAVE_NET_IF_H 1
| #define HAVE_SYS_IOCTL_H 1
| #define HAVE_LINUX_SOCKIOS_H 1
| #define HAVE_LINUX_IP_H 1
| #define HAVE_LINUX_UDP_H 1
| #define HAVE_LINUX_TCP_H 1
| #define HAVE_LINUX_IF_PACKET_H 1
| #define HAVE_LINUX_FILTER_H 1
| #define HAVE_LINUX_IF_TUN_H 1
| #define HAVE_NETDB_H 1
| #define HAVE_NETINET_IN_H 1
| #define HAVE_NETINET_TCP_H 1
| #define HAVE_NETINET_IP_H 1
| #define HAVE_NETINET_UDP_H 1
| #define HAVE_STDLIB_H 1
| #define HAVE_STRING_H 1
| #define HAVE_STRINGS_H 1
| #define HAVE_SYS_SOCKET_H 1
| #define HAVE_SYS_TIME_H 1
| #define HAVE_SYSLOG_H 1
| #define HAVE_UNISTD_H 1
| #define HAVE_SIGNAL_H 1
| #define HAVE_SSIZE_T 1
| #define HAVE_INT64_T 1
| #define Socklen_t socklen_t
| #define SELECT_TYPE_ARG1 int
| #define SELECT_TYPE_ARG234 (fd_set *)
| #define SELECT_TYPE_ARG5 (struct timeval *)
| #define HAVE_STRFTIME 1
| #define HAVE_VPRINTF 1
| #define HAVE_ATEXIT 1
| #define HAVE_MEMSET 1
| #define HAVE_SELECT 1
| #define HAVE_STRCHR 1
| #define HAVE_STRERROR 1
| #define HAVE_STRTOL 1
| #define HAVE_STRTOLL 1
| #define HAVE_STRTOD 1
| #define HAVE_USLEEP 1
| #define HAVE_CLOCK_GETTIME 1
| #define HAVE_SCHED_SETSCHEDULER 1
| #define HAVE_SCHED_YIELD 1
| #define HAVE_MLOCKALL 1
| #define HAVE_SETITIMER 1
| #define HAVE_NANOSLEEP 1
| #define HAVE_CLOCK_NANOSLEEP 1
| #define HAVE_FREOPEN 1
| #define HAVE_GETIFADDRS 1
| #define HAVE_SNPRINTF 1
| #define HAVE_GETTIMEOFDAY 1
| #define HAVE_INET_PTON 1
| #define HAVE_INET_NTOP 1
| #define HAVE_DECL_ENOBUFS 1
| #define HAVE_DECL_EWOULDBLOCK 1
| #define HAVE_DECL_SIOCGIFMTU 1
| #define HAVE_DECL_PTHREAD_CANCEL 1
| #define HAVE_DECL_PTHREAD_THREADID_NP 0
| #define HAVE_DECL_CPU_SET 1
| #define HAVE_DECL_SIGALRM 1
| #define HAVE_DECL_AF_INET6 1
| #define HAVE_DECL_SO_TIMESTAMP 1
| #define HAVE_DECL_SO_SNDTIMEO 1
| #define HAVE_DECL_SO_REUSEADDR 1
| #define HAVE_DECL_SO_REUSEPORT 1
| #define HAVE_DECL_SO_BINDTODEVICE 1
| #define HAVE_DECL_MSG_DONTWAIT 1
| #define HAVE_DECL_MSG_CTRUNC 1
| #define HAVE_DECL_SO_MAX_PACING_RATE 1
| #define HAVE_DECL_SO_DONTROUTE 1
| #define HAVE_DECL_IPV6_TCLASS 1
| #define HAVE_DECL_IP_MULTICAST_ALL 1
| #define HAVE_DECL_IP_TOS 1
| #define HAVE_DECL_IP_DROP_MEMBERSHIP 1
| #define HAVE_DECL_IPV6_LEAVE_GROUP 1
| #define HAVE_DECL_MCAST_LEAVE_GROUP 1
| #define HAVE_DECL_MSG_TRUNC 1
| #define HAVE_DECL_IP_RECVTOS 1
| #define HAVE_DECL_CMSG_FIRSTHDR 1
| #define HAVE_DECL_CMSG_SPACE 1
| #define HAVE_DECL_CMSG_LEN 1
| #define HAVE_DECL_MCAST_JOIN_GROUP 1
| #define HAVE_DECL_MCAST_JOIN_SOURCE_GROUP 1
| #define HAVE_DECL_MCAST_LEAVE_SOURCE_GROUP 1
| #define HAVE_DECL_IPV6_JOIN_GROUP 1
| #define HAVE_DECL_IPV6_V6ONLY 1
| #define HAVE_DECL_IPV6_ADD_MEMBERSHIP 1
| #define HAVE_DECL_IPV6_MULTICAST_HOPS 1
| #define HAVE_DECL_MSG_PEEK 1
| #define HAVE_DECL_MSG_WAITALL 1
| #define HAVE_DECL_TCP_CONGESTION 1
| #define HAVE_DECL_TCP_NODELAY 1
| #define HAVE_DECL_TCP_INFO 1
| #define HAVE_DECL_TCP_CONNECTION_INFO 0
| #define HAVE_DECL_TCP_WINDOW_CLAMP 1
| #define HAVE_DECL_TCP_TX_DELAY 1
| #define HAVE_DECL_TCP_QUICKACK 1
| #define HAVE_DECL_SO_ZEROCOPY 1
| #define HAVE_DECL_MSG_ZEROCOPY 1
| #define HAVE_DECL_MSG_ERRQUEUE 1
| #define HAVE_DECL_IP_MULTICAST_IF 1
| #define HAVE_DECL_IPV6_MULTICAST_IF 1
| #define HAVE_DECL_MCAST_BLOCK_SOURCE 1
| #define HAVE_DECL_MCAST_UNBLOCK_SOURCE 1
| #define HAVE_DECL_IP_BLOCK_SOURCE 1
| #define HAVE_DECL_IP_UNBLOCK_SOURCE 1
| #define HAVE_DECL_TCP_NOTSENT_LOWAT 1
| #define HAVE_DECL_TCP_MAXSEG 1
| #define HAVE_DECL_IP_ADD_MEMBERSHIP 1
| #define HAVE_DECL_IP_ADD_SOURCE_MEMBERSHIP 1
| #define HAVE_DECL_IP_DROP_SOURCE_MEMBERSHIP 1
| /* end confdefs.h.  */
| 
| #ifdef HAVE_WINSOCK2_H
| #define _WIN32_WINNT 0x0501 /* use (at least) WinXP API */
| #define WIN32_LEAN_AND_MEAN /* exclude unnecesary headers */
| #include <windows.h>
| #include <winsock2.h>
| #include <ws2tcpip.h>
| #else
| #include <sys/socket.h>
| #include <netinet/in.h>
| #include <netinet/tcp.h>
| #endif
| 
| 
| int
| main (void)
| {
| if (sizeof ((struct sockaddr_storage)))
| 	    return 0;
|   ;
|   return 0;
| }
configure:9113: result: yes
configure:9122: checking for struct sockaddr_in6
configure:9122: gcc -c -O2  conftest.c >&5
configure:9122: $? = 0
configure:9122: gcc -c -O2  conftest.c >&5
conftest.c: In function 'main':
conftest.c:159:34: error: expected expression before ')' token
  159 | if (sizeof ((struct sockaddr_in6)))
      |                                  ^
configure:9122: $? = 1
configure: failed program was:
| /* confdefs.h */
| #define PACKAGE_NAME "Iperf"
| #define PACKAGE_TARNAME "iperf"
| #define PACKAGE_VERSION "2.2.1"
| #define PACKAGE_STRING "Iperf 2.2.1"
| #define PACKAGE_BUGREPORT ""
| #define PACKAGE_URL ""
| #define PACKAGE "iperf"
| #define VERSION "2.2.1"
| #define HAVE_LIBRT 1
| #define HAVE_PTHREAD_PRIO_INHERIT 1
| #define HAVE_PTHREAD 1
| #define HAVE_POSIX_THREAD 1
| #define _REENTRANT 1
| #define HAVE_STDIO_H 1
| #define HAVE_STDLIB_H 1
| #define HAVE_STRING_H 1
| #define HAVE_INTTYPES_H 1
| #define HAVE_STDINT_H 1
| #define HAVE_STRINGS_H 1
| #define HAVE_SYS_STAT_H 1
| #define HAVE_SYS_TYPES_H 1
| #define HAVE_UNISTD_H 1
| #define HAVE_SYS_SELECT_H 1
| #define HAVE_SYS_SOCKET_H 1
| #define STDC_HEADERS 1
| #define HAVE_ARPA_INET_H 1
| #define HAVE_LIBINTL_H 1
| #define HAVE_NET_ETHERNET_H 1
| #define HAVE_NET_IF_H 1
| #define HAVE_SYS_IOCTL_H 1
| #define HAVE_LINUX_SOCKIOS_H 1
| #define HAVE_LINUX_IP_H 1
| #define HAVE_LINUX_UDP_H 1
| #define HAVE_LINUX_TCP_H 1
| #define HAVE_LINUX_IF_PACKET_H 1
| #define HAVE_LINUX_FILTER_H 1
| #define HAVE_LINUX_IF_TUN_H 1
| #define HAVE_NETDB_H 1
| #define HAVE_NETINET_IN_H 1
| #define HAVE_NETINET_TCP_H 1
| #define HAVE_NETINET_IP_H 1
| #define HAVE_NETINET_UDP_H 1
| #define HAVE_STDLIB_H 1
| #define HAVE_STRING_H 1
| #define HAVE_STRINGS_H 1
| #define HAVE_SYS_SOCKET_H 1
| #define HAVE_SYS_TIME_H 1
| #define HAVE_SYSLOG_H 1
| #define HAVE_UNISTD_H 1
| #define HAVE_SIGNAL_H 1
| #define HAVE_SSIZE_T 1
| #define HAVE_INT64_T 1
| #define Socklen_t socklen_t
| #define SELECT_TYPE_ARG1 int
| #define SELECT_TYPE_ARG234 (fd_set *)
| #define SELECT_TYPE_ARG5 (struct timeval *)
| #define HAVE_STRFTIME 1
| #define HAVE_VPRINTF 1
| #define HAVE_ATEXIT 1
| #define HAVE_MEMSET 1
| #define HAVE_SELECT 1
| #define HAVE_STRCHR 1
| #define HAVE_STRERROR 1
| #define HAVE_STRTOL 1
| #define HAVE_STRTOLL 1
| #define HAVE_STRTOD 1
| #define HAVE_USLEEP 1
| #define HAVE_CLOCK_GETTIME 1
| #define HAVE_SCHED_SETSCHEDULER 1
| #define HAVE_SCHED_YIELD 1
| #define HAVE_MLOCKALL 1
| #define HAVE_SETITIMER 1
| #define HAVE_NANOSLEEP 1
| #define HAVE_CLOCK_NANOSLEEP 1
| #define HAVE_FREOPEN 1
| #define HAVE_GETIFADDRS 1
| #define HAVE_SNPRINTF 1
| #define HAVE_GETTIMEOFDAY 1
| #define HAVE_INET_PTON 1
| #define HAVE_INET_NTOP 1
| #define HAVE_DECL_ENOBUFS 1
| #define HAVE_DECL_EWOULDBLOCK 1
| #define HAVE_DECL_SIOCGIFMTU 1
| #define HAVE_DECL_PTHREAD_CANCEL 1
| #define HAVE_DECL_PTHREAD_THREADID_NP 0
| #define HAVE_DECL_CPU_SET 1
| #define HAVE_DECL_SIGALRM 1
| #define HAVE_DECL_AF_INET6 1
| #define HAVE_DECL_SO_TIMESTAMP 1
| #define HAVE_DECL_SO_SNDTIMEO 1
| #define HAVE_DECL_SO_REUSEADDR 1
| #define HAVE_DECL_SO_REUSEPORT 1
| #define HAVE_DECL_SO_BINDTODEVICE 1
| #define HAVE_DECL_MSG_DONTWAIT 1
| #define HAVE_DECL_MSG_CTRUNC 1
| #define HAVE_DECL_SO_MAX_PACING_RATE 1
| #define HAVE_DECL_SO_DONTROUTE 1
| #define HAVE_DECL_IPV6_TCLASS 1
| #define HAVE_DECL_IP_MULTICAST_ALL 1
| #define HAVE_DECL_IP_TOS 1
| #define HAVE_DECL_IP_DROP_MEMBERSHIP 1
| #define HAVE_DECL_IPV6_LEAVE_GROUP 1
| #define HAVE_DECL_MCAST_LEAVE_GROUP 1
| #define HAVE_DECL_MSG_TRUNC 1
| #define HAVE_DECL_IP_RECVTOS 1
| #define HAVE_DECL_CMSG_FIRSTHDR 1
| #define HAVE_DECL_CMSG_SPACE 1
| #define HAVE_DECL_CMSG_LEN 1
| #define HAVE_DECL_MCAST_JOIN_GROUP 1
| #define HAVE_DECL_MCAST_JOIN_SOURCE_GROUP 1
| #define HAVE_DECL_MCAST_LEAVE_SOURCE_GROUP 1
| #define HAVE_DECL_IPV6_JOIN_GROUP 1
| #define HAVE_DECL_IPV6_V6ONLY 1
| #define HAVE_DECL_IPV6_ADD_MEMBERSHIP 1
| #define HAVE_DECL_IPV6_MULTICAST_HOPS 1
| #define HAVE_DECL_MSG_PEEK 1
| #define HAVE_DECL_MSG_WAITALL 1
| #define HAVE_DECL_TCP_CONGESTION 1
| #define HAVE_DECL_TCP_NODELAY 1
| #define HAVE_DECL_TCP_INFO 1
| #define HAVE_DECL_TCP_CONNECTION_INFO 0
| #define HAVE_DECL_TCP_WINDOW_CLAMP 1
| #define HAVE_DECL_TCP_TX_DELAY 1
| #define HAVE_DECL_TCP_QUICKACK 1
| #define HAVE_DECL_SO_ZEROCOPY 1
| #define HAVE_DECL_MSG_ZEROCOPY 1
| #define HAVE_DECL_MSG_ERRQUEUE 1
| #define HAVE_DECL_IP_MULTICAST_IF 1
| #define HAVE_DECL_IPV6_MULTICAST_IF 1
| #define HAVE_DECL_MCAST_BLOCK_SOURCE 1
| #define HAVE_DECL_MCAST_UNBLOCK_SOURCE 1
| #define HAVE_DECL_IP_BLOCK_SOURCE 1
| #define HAVE_DECL_IP_UNBLOCK_SOURCE 1
| #define HAVE_DECL_TCP_NOTSENT_LOWAT 1
| #define HAVE_DECL_TCP_MAXSEG 1
| #define HAVE_DECL_IP_ADD_MEMBERSHIP 1
| #define HAVE_DECL_IP_ADD_SOURCE_MEMBERSHIP 1
| #define HAVE_DECL_IP_DROP_SOURCE_MEMBERSHIP 1
| #define HAVE_STRUCT_SOCKADDR_STORAGE 1
| /* end confdefs.h.  */
| 
| #ifdef HAVE_WINSOCK2_H
| #define _WIN32_WINNT 0x0501 /* use (at least) WinXP API */
| #define WIN32_LEAN_AND_MEAN /* exclude unnecesary headers */
| #include <windows.h>
| #include <winsock2.h>
| #include <ws2tcpip.h>
| #else
| #include <sys/socket.h>
| #include <netinet/in.h>
| #include <netinet/tcp.h>
| #endif
| 
| 
| int
| main (void)
| {
| if (sizeof ((struct sockaddr_in6)))
| 	    return 0;
|   ;
|   return 0;
| }
configure:9122: result: yes
configure:9131: checking for struct group_source_req
configure:9131: gcc -c -O2  conftest.c >&5
configure:9131: $? = 0
configure:9131: gcc -c -O2  conftest.c >&5
conftest.c: In function 'main':
conftest.c:160:38: error: expected expression before ')' token
  160 | if (sizeof ((struct group_source_req)))
      |                                      ^
configure:9131: $? = 1
configure: failed program was:
| /* confdefs.h */
| #define PACKAGE_NAME "Iperf"
| #define PACKAGE_TARNAME "iperf"
| #define PACKAGE_VERSION "2.2.1"
| #define PACKAGE_STRING "Iperf 2.2.1"
| #define PACKAGE_BUGREPORT ""
| #define PACKAGE_URL ""
| #define PACKAGE "iperf"
| #define VERSION "2.2.1"
| #define HAVE_LIBRT 1
| #define HAVE_PTHREAD_PRIO_INHERIT 1
| #define HAVE_PTHREAD 1
| #define HAVE_POSIX_THREAD 1
| #define _REENTRANT 1
| #define HAVE_STDIO_H 1
| #define HAVE_STDLIB_H 1
| #define HAVE_STRING_H 1
| #define HAVE_INTTYPES_H 1
| #define HAVE_STDINT_H 1
| #define HAVE_STRINGS_H 1
| #define HAVE_SYS_STAT_H 1
| #define HAVE_SYS_TYPES_H 1
| #define HAVE_UNISTD_H 1
| #define HAVE_SYS_SELECT_H 1
| #define HAVE_SYS_SOCKET_H 1
| #define STDC_HEADERS 1
| #define HAVE_ARPA_INET_H 1
| #define HAVE_LIBINTL_H 1
| #define HAVE_NET_ETHERNET_H 1
| #define HAVE_NET_IF_H 1
| #define HAVE_SYS_IOCTL_H 1
| #define HAVE_LINUX_SOCKIOS_H 1
| #define HAVE_LINUX_IP_H 1
| #define HAVE_LINUX_UDP_H 1
| #define HAVE_LINUX_TCP_H 1
| #define HAVE_LINUX_IF_PACKET_H 1
| #define HAVE_LINUX_FILTER_H 1
| #define HAVE_LINUX_IF_TUN_H 1
| #define HAVE_NETDB_H 1
| #define HAVE_NETINET_IN_H 1
| #define HAVE_NETINET_TCP_H 1
| #define HAVE_NETINET_IP_H 1
| #define HAVE_NETINET_UDP_H 1
| #define HAVE_STDLIB_H 1
| #define HAVE_STRING_H 1
| #define HAVE_STRINGS_H 1
| #define HAVE_SYS_SOCKET_H 1
| #define HAVE_SYS_TIME_H 1
| #define HAVE_SYSLOG_H 1
| #define HAVE_UNISTD_H 1
| #define HAVE_SIGNAL_H 1
| #define HAVE_SSIZE_T 1
| #define HAVE_INT64_T 1
| #define Socklen_t socklen_t
| #define SELECT_TYPE_ARG1 int
| #define SELECT_TYPE_ARG234 (fd_set *)
| #define SELECT_TYPE_ARG5 (struct timeval *)
| #define HAVE_STRFTIME 1
| #define HAVE_VPRINTF 1
| #define HAVE_ATEXIT 1
| #define HAVE_MEMSET 1
| #define HAVE_SELECT 1
| #define HAVE_STRCHR 1
| #define HAVE_STRERROR 1
| #define HAVE_STRTOL 1
| #define HAVE_STRTOLL 1
| #define HAVE_STRTOD 1
| #define HAVE_USLEEP 1
| #define HAVE_CLOCK_GETTIME 1
| #define HAVE_SCHED_SETSCHEDULER 1
| #define HAVE_SCHED_YIELD 1
| #define HAVE_MLOCKALL 1
| #define HAVE_SETITIMER 1
| #define HAVE_NANOSLEEP 1
| #define HAVE_CLOCK_NANOSLEEP 1
| #define HAVE_FREOPEN 1
| #define HAVE_GETIFADDRS 1
| #define HAVE_SNPRINTF 1
| #define HAVE_GETTIMEOFDAY 1
| #define HAVE_INET_PTON 1
| #define HAVE_INET_NTOP 1
| #define HAVE_DECL_ENOBUFS 1
| #define HAVE_DECL_EWOULDBLOCK 1
| #define HAVE_DECL_SIOCGIFMTU 1
| #define HAVE_DECL_PTHREAD_CANCEL 1
| #define HAVE_DECL_PTHREAD_THREADID_NP 0
| #define HAVE_DECL_CPU_SET 1
| #define HAVE_DECL_SIGALRM 1
| #define HAVE_DECL_AF_INET6 1
| #define HAVE_DECL_SO_TIMESTAMP 1
| #define HAVE_DECL_SO_SNDTIMEO 1
| #define HAVE_DECL_SO_REUSEADDR 1
| #define HAVE_DECL_SO_REUSEPORT 1
| #define HAVE_DECL_SO_BINDTODEVICE 1
| #define HAVE_DECL_MSG_DONTWAIT 1
| #define HAVE_DECL_MSG_CTRUNC 1
| #define HAVE_DECL_SO_MAX_PACING_RATE 1
| #define HAVE_DECL_SO_DONTROUTE 1
| #define HAVE_DECL_IPV6_TCLASS 1
| #define HAVE_DECL_IP_MULTICAST_ALL 1
| #define HAVE_DECL_IP_TOS 1
| #define HAVE_DECL_IP_DROP_MEMBERSHIP 1
| #define HAVE_DECL_IPV6_LEAVE_GROUP 1
| #define HAVE_DECL_MCAST_LEAVE_GROUP 1
| #define HAVE_DECL_MSG_TRUNC 1
| #define HAVE_DECL_IP_RECVTOS 1
| #define HAVE_DECL_CMSG_FIRSTHDR 1
| #define HAVE_DECL_CMSG_SPACE 1
| #define HAVE_DECL_CMSG_LEN 1
| #define HAVE_DECL_MCAST_JOIN_GROUP 1
| #define HAVE_DECL_MCAST_JOIN_SOURCE_GROUP 1
| #define HAVE_DECL_MCAST_LEAVE_SOURCE_GROUP 1
| #define HAVE_DECL_IPV6_JOIN_GROUP 1
| #define HAVE_DECL_IPV6_V6ONLY 1
| #define HAVE_DECL_IPV6_ADD_MEMBERSHIP 1
| #define HAVE_DECL_IPV6_MULTICAST_HOPS 1
| #define HAVE_DECL_MSG_PEEK 1
| #define HAVE_DECL_MSG_WAITALL 1
| #define HAVE_DECL_TCP_CONGESTION 1
| #define HAVE_DECL_TCP_NODELAY 1
| #define HAVE_DECL_TCP_INFO 1
| #define HAVE_DECL_TCP_CONNECTION_INFO 0
| #define HAVE_DECL_TCP_WINDOW_CLAMP 1
| #define HAVE_DECL_TCP_TX_DELAY 1
| #define HAVE_DECL_TCP_QUICKACK 1
| #define HAVE_DECL_SO_ZEROCOPY 1
| #define HAVE_DECL_MSG_ZEROCOPY 1
| #define HAVE_DECL_MSG_ERRQUEUE 1
| #define HAVE_DECL_IP_MULTICAST_IF 1
| #define HAVE_DECL_IPV6_MULTICAST_IF 1
| #define HAVE_DECL_MCAST_BLOCK_SOURCE 1
| #define HAVE_DECL_MCAST_UNBLOCK_SOURCE 1
| #define HAVE_DECL_IP_BLOCK_SOURCE 1
| #define HAVE_DECL_IP_UNBLOCK_SOURCE 1
| #define HAVE_DECL_TCP_NOTSENT_LOWAT 1
| #define HAVE_DECL_TCP_MAXSEG 1
| #define HAVE_DECL_IP_ADD_MEMBERSHIP 1
| #define HAVE_DECL_IP_ADD_SOURCE_MEMBERSHIP 1
| #define HAVE_DECL_IP_DROP_SOURCE_MEMBERSHIP 1
| #define HAVE_STRUCT_SOCKADDR_STORAGE 1
| #define HAVE_STRUCT_SOCKADDR_IN6 1
| /* end confdefs.h.  */
| 
| #ifdef HAVE_WINSOCK2_H
| #define _WIN32_WINNT 0x0501 /* use (at least) WinXP API */
| #define WIN32_LEAN_AND_MEAN /* exclude unnecesary headers */
| #include <windows.h>
| #include <winsock2.h>
| #include <ws2tcpip.h>
| #else
| #include <sys/socket.h>
| #include <netinet/in.h>
| #include <netinet/tcp.h>
| #endif
| 
| 
| int
| main (void)
| {
| if (sizeof ((struct group_source_req)))
| 	    return 0;
|   ;
|   return 0;
| }
configure:9131: result: yes
configure:9140: checking for struct ip_mreq
configure:9140: gcc -c -O2  conftest.c >&5
configure:9140: $? = 0
configure:9140: gcc -c -O2  conftest.c >&5
conftest.c: In function 'main':
conftest.c:161:29: error: expected expression before ')' token
  161 | if (sizeof ((struct ip_mreq)))
      |                             ^
configure:9140: $? = 1
configure: failed program was:
| /* confdefs.h */
| #define PACKAGE_NAME "Iperf"
| #define PACKAGE_TARNAME "iperf"
| #define PACKAGE_VERSION "2.2.1"
| #define PACKAGE_STRING "Iperf 2.2.1"
| #define PACKAGE_BUGREPORT ""
| #define PACKAGE_URL ""
| #define PACKAGE "iperf"
| #define VERSION "2.2.1"
| #define HAVE_LIBRT 1
| #define HAVE_PTHREAD_PRIO_INHERIT 1
| #define HAVE_PTHREAD 1
| #define HAVE_POSIX_THREAD 1
| #define _REENTRANT 1
| #define HAVE_STDIO_H 1
| #define HAVE_STDLIB_H 1
| #define HAVE_STRING_H 1
| #define HAVE_INTTYPES_H 1
| #define HAVE_STDINT_H 1
| #define HAVE_STRINGS_H 1
| #define HAVE_SYS_STAT_H 1
| #define HAVE_SYS_TYPES_H 1
| #define HAVE_UNISTD_H 1
| #define HAVE_SYS_SELECT_H 1
| #define HAVE_SYS_SOCKET_H 1
| #define STDC_HEADERS 1
| #define HAVE_ARPA_INET_H 1
| #define HAVE_LIBINTL_H 1
| #define HAVE_NET_ETHERNET_H 1
| #define HAVE_NET_IF_H 1
| #define HAVE_SYS_IOCTL_H 1
| #define HAVE_LINUX_SOCKIOS_H 1
| #define HAVE_LINUX_IP_H 1
| #define HAVE_LINUX_UDP_H 1
| #define HAVE_LINUX_TCP_H 1
| #define HAVE_LINUX_IF_PACKET_H 1
| #define HAVE_LINUX_FILTER_H 1
| #define HAVE_LINUX_IF_TUN_H 1
| #define HAVE_NETDB_H 1
| #define HAVE_NETINET_IN_H 1
| #define HAVE_NETINET_TCP_H 1
| #define HAVE_NETINET_IP_H 1
| #define HAVE_NETINET_UDP_H 1
| #define HAVE_STDLIB_H 1
| #define HAVE_STRING_H 1
| #define HAVE_STRINGS_H 1
| #define HAVE_SYS_SOCKET_H 1
| #define HAVE_SYS_TIME_H 1
| #define HAVE_SYSLOG_H 1
| #define HAVE_UNISTD_H 1
| #define HAVE_SIGNAL_H 1
| #define HAVE_SSIZE_T 1
| #define HAVE_INT64_T 1
| #define Socklen_t socklen_t
| #define SELECT_TYPE_ARG1 int
| #define SELECT_TYPE_ARG234 (fd_set *)
| #define SELECT_TYPE_ARG5 (struct timeval *)
| #define HAVE_STRFTIME 1
| #define HAVE_VPRINTF 1
| #define HAVE_ATEXIT 1
| #define HAVE_MEMSET 1
| #define HAVE_SELECT 1
| #define HAVE_STRCHR 1
| #define HAVE_STRERROR 1
| #define HAVE_STRTOL 1
| #define HAVE_STRTOLL 1
| #define HAVE_STRTOD 1
| #define HAVE_USLEEP 1
| #define HAVE_CLOCK_GETTIME 1
| #define HAVE_SCHED_SETSCHEDULER 1
| #define HAVE_SCHED_YIELD 1
| #define HAVE_MLOCKALL 1
| #define HAVE_SETITIMER 1
| #define HAVE_NANOSLEEP 1
| #define HAVE_CLOCK_NANOSLEEP 1
| #define HAVE_FREOPEN 1
| #define HAVE_GETIFADDRS 1
| #define HAVE_SNPRINTF 1
| #define HAVE_GETTIMEOFDAY 1
| #define HAVE_INET_PTON 1
| #define HAVE_INET_NTOP 1
| #define HAVE_DECL_ENOBUFS 1
| #define HAVE_DECL_EWOULDBLOCK 1
| #define HAVE_DECL_SIOCGIFMTU 1
| #define HAVE_DECL_PTHREAD_CANCEL 1
| #define HAVE_DECL_PTHREAD_THREADID_NP 0
| #define HAVE_DECL_CPU_SET 1
| #define HAVE_DECL_SIGALRM 1
| #define HAVE_DECL_AF_INET6 1
| #define HAVE_DECL_SO_TIMESTAMP 1
| #define HAVE_DECL_SO_SNDTIMEO 1
| #define HAVE_DECL_SO_REUSEADDR 1
| #define HAVE_DECL_SO_REUSEPORT 1
| #define HAVE_DECL_SO_BINDTODEVICE 1
| #define HAVE_DECL_MSG_DONTWAIT 1
| #define HAVE_DECL_MSG_CTRUNC 1
| #define HAVE_DECL_SO_MAX_PACING_RATE 1
| #define HAVE_DECL_SO_DONTROUTE 1
| #define HAVE_DECL_IPV6_TCLASS 1
| #define HAVE_DECL_IP_MULTICAST_ALL 1
| #define HAVE_DECL_IP_TOS 1
| #define HAVE_DECL_IP_DROP_MEMBERSHIP 1
| #define HAVE_DECL_IPV6_LEAVE_GROUP 1
| #define HAVE_DECL_MCAST_LEAVE_GROUP 1
| #define HAVE_DECL_MSG_TRUNC 1
| #define HAVE_DECL_IP_RECVTOS 1
| #define HAVE_DECL_CMSG_FIRSTHDR 1
| #define HAVE_DECL_CMSG_SPACE 1
| #define HAVE_DECL_CMSG_LEN 1
| #define HAVE_DECL_MCAST_JOIN_GROUP 1
| #define HAVE_DECL_MCAST_JOIN_SOURCE_GROUP 1
| #define HAVE_DECL_MCAST_LEAVE_SOURCE_GROUP 1
| #define HAVE_DECL_IPV6_JOIN_GROUP 1
| #define HAVE_DECL_IPV6_V6ONLY 1
| #define HAVE_DECL_IPV6_ADD_MEMBERSHIP 1
| #define HAVE_DECL_IPV6_MULTICAST_HOPS 1
| #define HAVE_DECL_MSG_PEEK 1
| #define HAVE_DECL_MSG_WAITALL 1
| #define HAVE_DECL_TCP_CONGESTION 1
| #define HAVE_DECL_TCP_NODELAY 1
| #define HAVE_DECL_TCP_INFO 1
| #define HAVE_DECL_TCP_CONNECTION_INFO 0
| #define HAVE_DECL_TCP_WINDOW_CLAMP 1
| #define HAVE_DECL_TCP_TX_DELAY 1
| #define HAVE_DECL_TCP_QUICKACK 1
| #define HAVE_DECL_SO_ZEROCOPY 1
| #define HAVE_DECL_MSG_ZEROCOPY 1
| #define HAVE_DECL_MSG_ERRQUEUE 1
| #define HAVE_DECL_IP_MULTICAST_IF 1
| #define HAVE_DECL_IPV6_MULTICAST_IF 1
| #define HAVE_DECL_MCAST_BLOCK_SOURCE 1
| #define HAVE_DECL_MCAST_UNBLOCK_SOURCE 1
| #define HAVE_DECL_IP_BLOCK_SOURCE 1
| #define HAVE_DECL_IP_UNBLOCK_SOURCE 1
| #define HAVE_DECL_TCP_NOTSENT_LOWAT 1
| #define HAVE_DECL_TCP_MAXSEG 1
| #define HAVE_DECL_IP_ADD_MEMBERSHIP 1
| #define HAVE_DECL_IP_ADD_SOURCE_MEMBERSHIP 1
| #define HAVE_DECL_IP_DROP_SOURCE_MEMBERSHIP 1
| #define HAVE_STRUCT_SOCKADDR_STORAGE 1
| #define HAVE_STRUCT_SOCKADDR_IN6 1
| #define HAVE_STRUCT_GROUP_SOURCE_REQ 1
| /* end confdefs.h.  */
| 
| #ifdef HAVE_WINSOCK2_H
| #define _WIN32_WINNT 0x0501 /* use (at least) WinXP API */
| #define WIN32_LEAN_AND_MEAN /* exclude unnecesary headers */
| #include <windows.h>
| #include <winsock2.h>
| #include <ws2tcpip.h>
| #else
| #include <sys/socket.h>
| #include <netinet/in.h>
| #include <netinet/tcp.h>
| #endif
| 
| 
| int
| main (void)
| {
| if (sizeof ((struct ip_mreq)))
| 	    return 0;
|   ;
|   return 0;
| }
configure:9140: result: yes
configure:9149: checking for struct ip_mreqn
configure:9149: gcc -c -O2  conftest.c >&5
configure:9149: $? = 0
configure:9149: gcc -c -O2  conftest.c >&5
conftest.c: In function 'main':
conftest.c:162:30: error: expected expression before ')' token
  162 | if (sizeof ((struct ip_mreqn)))
      |                              ^
configure:9149: $? = 1
configure: failed program was:
| /* confdefs.h */
| #define PACKAGE_NAME "Iperf"
| #define PACKAGE_TARNAME "iperf"
| #define PACKAGE_VERSION "2.2.1"
| #define PACKAGE_STRING "Iperf 2.2.1"
| #define PACKAGE_BUGREPORT ""
| #define PACKAGE_URL ""
| #define PACKAGE "iperf"
| #define VERSION "2.2.1"
| #define HAVE_LIBRT 1
| #define HAVE_PTHREAD_PRIO_INHERIT 1
| #define HAVE_PTHREAD 1
| #define HAVE_POSIX_THREAD 1
| #define _REENTRANT 1
| #define HAVE_STDIO_H 1
| #define HAVE_STDLIB_H 1
| #define HAVE_STRING_H 1
| #define HAVE_INTTYPES_H 1
| #define HAVE_STDINT_H 1
| #define HAVE_STRINGS_H 1
| #define HAVE_SYS_STAT_H 1
| #define HAVE_SYS_TYPES_H 1
| #define HAVE_UNISTD_H 1
| #define HAVE_SYS_SELECT_H 1
| #define HAVE_SYS_SOCKET_H 1
| #define STDC_HEADERS 1
| #define HAVE_ARPA_INET_H 1
| #define HAVE_LIBINTL_H 1
| #define HAVE_NET_ETHERNET_H 1
| #define HAVE_NET_IF_H 1
| #define HAVE_SYS_IOCTL_H 1
| #define HAVE_LINUX_SOCKIOS_H 1
| #define HAVE_LINUX_IP_H 1
| #define HAVE_LINUX_UDP_H 1
| #define HAVE_LINUX_TCP_H 1
| #define HAVE_LINUX_IF_PACKET_H 1
| #define HAVE_LINUX_FILTER_H 1
| #define HAVE_LINUX_IF_TUN_H 1
| #define HAVE_NETDB_H 1
| #define HAVE_NETINET_IN_H 1
| #define HAVE_NETINET_TCP_H 1
| #define HAVE_NETINET_IP_H 1
| #define HAVE_NETINET_UDP_H 1
| #define HAVE_STDLIB_H 1
| #define HAVE_STRING_H 1
| #define HAVE_STRINGS_H 1
| #define HAVE_SYS_SOCKET_H 1
| #define HAVE_SYS_TIME_H 1
| #define HAVE_SYSLOG_H 1
| #define HAVE_UNISTD_H 1
| #define HAVE_SIGNAL_H 1
| #define HAVE_SSIZE_T 1
| #define HAVE_INT64_T 1
| #define Socklen_t socklen_t
| #define SELECT_TYPE_ARG1 int
| #define SELECT_TYPE_ARG234 (fd_set *)
| #define SELECT_TYPE_ARG5 (struct timeval *)
| #define HAVE_STRFTIME 1
| #define HAVE_VPRINTF 1
| #define HAVE_ATEXIT 1
| #define HAVE_MEMSET 1
| #define HAVE_SELECT 1
| #define HAVE_STRCHR 1
| #define HAVE_STRERROR 1
| #define HAVE_STRTOL 1
| #define HAVE_STRTOLL 1
| #define HAVE_STRTOD 1
| #define HAVE_USLEEP 1
| #define HAVE_CLOCK_GETTIME 1
| #define HAVE_SCHED_SETSCHEDULER 1
| #define HAVE_SCHED_YIELD 1
| #define HAVE_MLOCKALL 1
| #define HAVE_SETITIMER 1
| #define HAVE_NANOSLEEP 1
| #define HAVE_CLOCK_NANOSLEEP 1
| #define HAVE_FREOPEN 1
| #define HAVE_GETIFADDRS 1
| #define HAVE_SNPRINTF 1
| #define HAVE_GETTIMEOFDAY 1
| #define HAVE_INET_PTON 1
| #define HAVE_INET_NTOP 1
| #define HAVE_DECL_ENOBUFS 1
| #define HAVE_DECL_EWOULDBLOCK 1
| #define HAVE_DECL_SIOCGIFMTU 1
| #define HAVE_DECL_PTHREAD_CANCEL 1
| #define HAVE_DECL_PTHREAD_THREADID_NP 0
| #define HAVE_DECL_CPU_SET 1
| #define HAVE_DECL_SIGALRM 1
| #define HAVE_DECL_AF_INET6 1
| #define HAVE_DECL_SO_TIMESTAMP 1
| #define HAVE_DECL_SO_SNDTIMEO 1
| #define HAVE_DECL_SO_REUSEADDR 1
| #define HAVE_DECL_SO_REUSEPORT 1
| #define HAVE_DECL_SO_BINDTODEVICE 1
| #define HAVE_DECL_MSG_DONTWAIT 1
| #define HAVE_DECL_MSG_CTRUNC 1
| #define HAVE_DECL_SO_MAX_PACING_RATE 1
| #define HAVE_DECL_SO_DONTROUTE 1
| #define HAVE_DECL_IPV6_TCLASS 1
| #define HAVE_DECL_IP_MULTICAST_ALL 1
| #define HAVE_DECL_IP_TOS 1
| #define HAVE_DECL_IP_DROP_MEMBERSHIP 1
| #define HAVE_DECL_IPV6_LEAVE_GROUP 1
| #define HAVE_DECL_MCAST_LEAVE_GROUP 1
| #define HAVE_DECL_MSG_TRUNC 1
| #define HAVE_DECL_IP_RECVTOS 1
| #define HAVE_DECL_CMSG_FIRSTHDR 1
| #define HAVE_DECL_CMSG_SPACE 1
| #define HAVE_DECL_CMSG_LEN 1
| #define HAVE_DECL_MCAST_JOIN_GROUP 1
| #define HAVE_DECL_MCAST_JOIN_SOURCE_GROUP 1
| #define HAVE_DECL_MCAST_LEAVE_SOURCE_GROUP 1
| #define HAVE_DECL_IPV6_JOIN_GROUP 1
| #define HAVE_DECL_IPV6_V6ONLY 1
| #define HAVE_DECL_IPV6_ADD_MEMBERSHIP 1
| #define HAVE_DECL_IPV6_MULTICAST_HOPS 1
| #define HAVE_DECL_MSG_PEEK 1
| #define HAVE_DECL_MSG_WAITALL 1
| #define HAVE_DECL_TCP_CONGESTION 1
| #define HAVE_DECL_TCP_NODELAY 1
| #define HAVE_DECL_TCP_INFO 1
| #define HAVE_DECL_TCP_CONNECTION_INFO 0
| #define HAVE_DECL_TCP_WINDOW_CLAMP 1
| #define HAVE_DECL_TCP_TX_DELAY 1
| #define HAVE_DECL_TCP_QUICKACK 1
| #define HAVE_DECL_SO_ZEROCOPY 1
| #define HAVE_DECL_MSG_ZEROCOPY 1
| #define HAVE_DECL_MSG_ERRQUEUE 1
| #define HAVE_DECL_IP_MULTICAST_IF 1
| #define HAVE_DECL_IPV6_MULTICAST_IF 1
| #define HAVE_DECL_MCAST_BLOCK_SOURCE 1
| #define HAVE_DECL_MCAST_UNBLOCK_SOURCE 1
| #define HAVE_DECL_IP_BLOCK_SOURCE 1
| #define HAVE_DECL_IP_UNBLOCK_SOURCE 1
| #define HAVE_DECL_TCP_NOTSENT_LOWAT 1
| #define HAVE_DECL_TCP_MAXSEG 1
| #define HAVE_DECL_IP_ADD_MEMBERSHIP 1
| #define HAVE_DECL_IP_ADD_SOURCE_MEMBERSHIP 1
| #define HAVE_DECL_IP_DROP_SOURCE_MEMBERSHIP 1
| #define HAVE_STRUCT_SOCKADDR_STORAGE 1
| #define HAVE_STRUCT_SOCKADDR_IN6 1
| #define HAVE_STRUCT_GROUP_SOURCE_REQ 1
| #define HAVE_STRUCT_IP_MREQ 1
| /* end confdefs.h.  */
| 
| #ifdef HAVE_WINSOCK2_H
| #define _WIN32_WINNT 0x0501 /* use (at least) WinXP API */
| #define WIN32_LEAN_AND_MEAN /* exclude unnecesary headers */
| #include <windows.h>
| #include <winsock2.h>
| #include <ws2tcpip.h>
| #else
| #include <sys/socket.h>
| #include <netinet/in.h>
| #include <netinet/tcp.h>
| #endif
| 
| 
| int
| main (void)
| {
| if (sizeof ((struct ip_mreqn)))
| 	    return 0;
|   ;
|   return 0;
| }
configure:9149: result: yes
configure:9158: checking for struct ipv6_mreq
configure:9158: gcc -c -O2  conftest.c >&5
configure:9158: $? = 0
configure:9158: gcc -c -O2  conftest.c >&5
conftest.c: In function 'main':
conftest.c:163:31: error: expected expression before ')' token
  163 | if (sizeof ((struct ipv6_mreq)))
      |                               ^
configure:9158: $? = 1
configure: failed program was:
| /* confdefs.h */
| #define PACKAGE_NAME "Iperf"
| #define PACKAGE_TARNAME "iperf"
| #define PACKAGE_VERSION "2.2.1"
| #define PACKAGE_STRING "Iperf 2.2.1"
| #define PACKAGE_BUGREPORT ""
| #define PACKAGE_URL ""
| #define PACKAGE "iperf"
| #define VERSION "2.2.1"
| #define HAVE_LIBRT 1
| #define HAVE_PTHREAD_PRIO_INHERIT 1
| #define HAVE_PTHREAD 1
| #define HAVE_POSIX_THREAD 1
| #define _REENTRANT 1
| #define HAVE_STDIO_H 1
| #define HAVE_STDLIB_H 1
| #define HAVE_STRING_H 1
| #define HAVE_INTTYPES_H 1
| #define HAVE_STDINT_H 1
| #define HAVE_STRINGS_H 1
| #define HAVE_SYS_STAT_H 1
| #define HAVE_SYS_TYPES_H 1
| #define HAVE_UNISTD_H 1
| #define HAVE_SYS_SELECT_H 1
| #define HAVE_SYS_SOCKET_H 1
| #define STDC_HEADERS 1
| #define HAVE_ARPA_INET_H 1
| #define HAVE_LIBINTL_H 1
| #define HAVE_NET_ETHERNET_H 1
| #define HAVE_NET_IF_H 1
| #define HAVE_SYS_IOCTL_H 1
| #define HAVE_LINUX_SOCKIOS_H 1
| #define HAVE_LINUX_IP_H 1
| #define HAVE_LINUX_UDP_H 1
| #define HAVE_LINUX_TCP_H 1
| #define HAVE_LINUX_IF_PACKET_H 1
| #define HAVE_LINUX_FILTER_H 1
| #define HAVE_LINUX_IF_TUN_H 1
| #define HAVE_NETDB_H 1
| #define HAVE_NETINET_IN_H 1
| #define HAVE_NETINET_TCP_H 1
| #define HAVE_NETINET_IP_H 1
| #define HAVE_NETINET_UDP_H 1
| #define HAVE_STDLIB_H 1
| #define HAVE_STRING_H 1
| #define HAVE_STRINGS_H 1
| #define HAVE_SYS_SOCKET_H 1
| #define HAVE_SYS_TIME_H 1
| #define HAVE_SYSLOG_H 1
| #define HAVE_UNISTD_H 1
| #define HAVE_SIGNAL_H 1
| #define HAVE_SSIZE_T 1
| #define HAVE_INT64_T 1
| #define Socklen_t socklen_t
| #define SELECT_TYPE_ARG1 int
| #define SELECT_TYPE_ARG234 (fd_set *)
| #define SELECT_TYPE_ARG5 (struct timeval *)
| #define HAVE_STRFTIME 1
| #define HAVE_VPRINTF 1
| #define HAVE_ATEXIT 1
| #define HAVE_MEMSET 1
| #define HAVE_SELECT 1
| #define HAVE_STRCHR 1
| #define HAVE_STRERROR 1
| #define HAVE_STRTOL 1
| #define HAVE_STRTOLL 1
| #define HAVE_STRTOD 1
| #define HAVE_USLEEP 1
| #define HAVE_CLOCK_GETTIME 1
| #define HAVE_SCHED_SETSCHEDULER 1
| #define HAVE_SCHED_YIELD 1
| #define HAVE_MLOCKALL 1
| #define HAVE_SETITIMER 1
| #define HAVE_NANOSLEEP 1
| #define HAVE_CLOCK_NANOSLEEP 1
| #define HAVE_FREOPEN 1
| #define HAVE_GETIFADDRS 1
| #define HAVE_SNPRINTF 1
| #define HAVE_GETTIMEOFDAY 1
| #define HAVE_INET_PTON 1
| #define HAVE_INET_NTOP 1
| #define HAVE_DECL_ENOBUFS 1
| #define HAVE_DECL_EWOULDBLOCK 1
| #define HAVE_DECL_SIOCGIFMTU 1
| #define HAVE_DECL_PTHREAD_CANCEL 1
| #define HAVE_DECL_PTHREAD_THREADID_NP 0
| #define HAVE_DECL_CPU_SET 1
| #define HAVE_DECL_SIGALRM 1
| #define HAVE_DECL_AF_INET6 1
| #define HAVE_DECL_SO_TIMESTAMP 1
| #define HAVE_DECL_SO_SNDTIMEO 1
| #define HAVE_DECL_SO_REUSEADDR 1
| #define HAVE_DECL_SO_REUSEPORT 1
| #define HAVE_DECL_SO_BINDTODEVICE 1
| #define HAVE_DECL_MSG_DONTWAIT 1
| #define HAVE_DECL_MSG_CTRUNC 1
| #define HAVE_DECL_SO_MAX_PACING_RATE 1
| #define HAVE_DECL_SO_DONTROUTE 1
| #define HAVE_DECL_IPV6_TCLASS 1
| #define HAVE_DECL_IP_MULTICAST_ALL 1
| #define HAVE_DECL_IP_TOS 1
| #define HAVE_DECL_IP_DROP_MEMBERSHIP 1
| #define HAVE_DECL_IPV6_LEAVE_GROUP 1
| #define HAVE_DECL_MCAST_LEAVE_GROUP 1
| #define HAVE_DECL_MSG_TRUNC 1
| #define HAVE_DECL_IP_RECVTOS 1
| #define HAVE_DECL_CMSG_FIRSTHDR 1
| #define HAVE_DECL_CMSG_SPACE 1
| #define HAVE_DECL_CMSG_LEN 1
| #define HAVE_DECL_MCAST_JOIN_GROUP 1
| #define HAVE_DECL_MCAST_JOIN_SOURCE_GROUP 1
| #define HAVE_DECL_MCAST_LEAVE_SOURCE_GROUP 1
| #define HAVE_DECL_IPV6_JOIN_GROUP 1
| #define HAVE_DECL_IPV6_V6ONLY 1
| #define HAVE_DECL_IPV6_ADD_MEMBERSHIP 1
| #define HAVE_DECL_IPV6_MULTICAST_HOPS 1
| #define HAVE_DECL_MSG_PEEK 1
| #define HAVE_DECL_MSG_WAITALL 1
| #define HAVE_DECL_TCP_CONGESTION 1
| #define HAVE_DECL_TCP_NODELAY 1
| #define HAVE_DECL_TCP_INFO 1
| #define HAVE_DECL_TCP_CONNECTION_INFO 0
| #define HAVE_DECL_TCP_WINDOW_CLAMP 1
| #define HAVE_DECL_TCP_TX_DELAY 1
| #define HAVE_DECL_TCP_QUICKACK 1
| #define HAVE_DECL_SO_ZEROCOPY 1
| #define HAVE_DECL_MSG_ZEROCOPY 1
| #define HAVE_DECL_MSG_ERRQUEUE 1
| #define HAVE_DECL_IP_MULTICAST_IF 1
| #define HAVE_DECL_IPV6_MULTICAST_IF 1
| #define HAVE_DECL_MCAST_BLOCK_SOURCE 1
| #define HAVE_DECL_MCAST_UNBLOCK_SOURCE 1
| #define HAVE_DECL_IP_BLOCK_SOURCE 1
| #define HAVE_DECL_IP_UNBLOCK_SOURCE 1
| #define HAVE_DECL_TCP_NOTSENT_LOWAT 1
| #define HAVE_DECL_TCP_MAXSEG 1
| #define HAVE_DECL_IP_ADD_MEMBERSHIP 1
| #define HAVE_DECL_IP_ADD_SOURCE_MEMBERSHIP 1
| #define HAVE_DECL_IP_DROP_SOURCE_MEMBERSHIP 1
| #define HAVE_STRUCT_SOCKADDR_STORAGE 1
| #define HAVE_STRUCT_SOCKADDR_IN6 1
| #define HAVE_STRUCT_GROUP_SOURCE_REQ 1
| #define HAVE_STRUCT_IP_MREQ 1
| #define HAVE_STRUCT_IP_MREQN 1
| /* end confdefs.h.  */
| 
| #ifdef HAVE_WINSOCK2_H
| #define _WIN32_WINNT 0x0501 /* use (at least) WinXP API */
| #define WIN32_LEAN_AND_MEAN /* exclude unnecesary headers */
| #include <windows.h>
| #include <winsock2.h>
| #include <ws2tcpip.h>
| #else
| #include <sys/socket.h>
| #include <netinet/in.h>
| #include <netinet/tcp.h>
| #endif
| 
| 
| int
| main (void)
| {
| if (sizeof ((struct ipv6_mreq)))
| 	    return 0;
|   ;
|   return 0;
| }
configure:9158: result: yes
configure:9167: checking for struct ip_mreq_source
configure:9167: gcc -c -O2  conftest.c >&5
configure:9167: $? = 0
configure:9167: gcc -c -O2  conftest.c >&5
conftest.c: In function 'main':
conftest.c:164:36: error: expected expression before ')' token
  164 | if (sizeof ((struct ip_mreq_source)))
      |                                    ^
configure:9167: $? = 1
configure: failed program was:
| /* confdefs.h */
| #define PACKAGE_NAME "Iperf"
| #define PACKAGE_TARNAME "iperf"
| #define PACKAGE_VERSION "2.2.1"
| #define PACKAGE_STRING "Iperf 2.2.1"
| #define PACKAGE_BUGREPORT ""
| #define PACKAGE_URL ""
| #define PACKAGE "iperf"
| #define VERSION "2.2.1"
| #define HAVE_LIBRT 1
| #define HAVE_PTHREAD_PRIO_INHERIT 1
| #define HAVE_PTHREAD 1
| #define HAVE_POSIX_THREAD 1
| #define _REENTRANT 1
| #define HAVE_STDIO_H 1
| #define HAVE_STDLIB_H 1
| #define HAVE_STRING_H 1
| #define HAVE_INTTYPES_H 1
| #define HAVE_STDINT_H 1
| #define HAVE_STRINGS_H 1
| #define HAVE_SYS_STAT_H 1
| #define HAVE_SYS_TYPES_H 1
| #define HAVE_UNISTD_H 1
| #define HAVE_SYS_SELECT_H 1
| #define HAVE_SYS_SOCKET_H 1
| #define STDC_HEADERS 1
| #define HAVE_ARPA_INET_H 1
| #define HAVE_LIBINTL_H 1
| #define HAVE_NET_ETHERNET_H 1
| #define HAVE_NET_IF_H 1
| #define HAVE_SYS_IOCTL_H 1
| #define HAVE_LINUX_SOCKIOS_H 1
| #define HAVE_LINUX_IP_H 1
| #define HAVE_LINUX_UDP_H 1
| #define HAVE_LINUX_TCP_H 1
| #define HAVE_LINUX_IF_PACKET_H 1
| #define HAVE_LINUX_FILTER_H 1
| #define HAVE_LINUX_IF_TUN_H 1
| #define HAVE_NETDB_H 1
| #define HAVE_NETINET_IN_H 1
| #define HAVE_NETINET_TCP_H 1
| #define HAVE_NETINET_IP_H 1
| #define HAVE_NETINET_UDP_H 1
| #define HAVE_STDLIB_H 1
| #define HAVE_STRING_H 1
| #define HAVE_STRINGS_H 1
| #define HAVE_SYS_SOCKET_H 1
| #define HAVE_SYS_TIME_H 1
| #define HAVE_SYSLOG_H 1
| #define HAVE_UNISTD_H 1
| #define HAVE_SIGNAL_H 1
| #define HAVE_SSIZE_T 1
| #define HAVE_INT64_T 1
| #define Socklen_t socklen_t
| #define SELECT_TYPE_ARG1 int
| #define SELECT_TYPE_ARG234 (fd_set *)
| #define SELECT_TYPE_ARG5 (struct timeval *)
| #define HAVE_STRFTIME 1
| #define HAVE_VPRINTF 1
| #define HAVE_ATEXIT 1
| #define HAVE_MEMSET 1
| #define HAVE_SELECT 1
| #define HAVE_STRCHR 1
| #define HAVE_STRERROR 1
| #define HAVE_STRTOL 1
| #define HAVE_STRTOLL 1
| #define HAVE_STRTOD 1
| #define HAVE_USLEEP 1
| #define HAVE_CLOCK_GETTIME 1
| #define HAVE_SCHED_SETSCHEDULER 1
| #define HAVE_SCHED_YIELD 1
| #define HAVE_MLOCKALL 1
| #define HAVE_SETITIMER 1
| #define HAVE_NANOSLEEP 1
| #define HAVE_CLOCK_NANOSLEEP 1
| #define HAVE_FREOPEN 1
| #define HAVE_GETIFADDRS 1
| #define HAVE_SNPRINTF 1
| #define HAVE_GETTIMEOFDAY 1
| #define HAVE_INET_PTON 1
| #define HAVE_INET_NTOP 1
| #define HAVE_DECL_ENOBUFS 1
| #define HAVE_DECL_EWOULDBLOCK 1
| #define HAVE_DECL_SIOCGIFMTU 1
| #define HAVE_DECL_PTHREAD_CANCEL 1
| #define HAVE_DECL_PTHREAD_THREADID_NP 0
| #define HAVE_DECL_CPU_SET 1
| #define HAVE_DECL_SIGALRM 1
| #define HAVE_DECL_AF_INET6 1
| #define HAVE_DECL_SO_TIMESTAMP 1
| #define HAVE_DECL_SO_SNDTIMEO 1
| #define HAVE_DECL_SO_REUSEADDR 1
| #define HAVE_DECL_SO_REUSEPORT 1
| #define HAVE_DECL_SO_BINDTODEVICE 1
| #define HAVE_DECL_MSG_DONTWAIT 1
| #define HAVE_DECL_MSG_CTRUNC 1
| #define HAVE_DECL_SO_MAX_PACING_RATE 1
| #define HAVE_DECL_SO_DONTROUTE 1
| #define HAVE_DECL_IPV6_TCLASS 1
| #define HAVE_DECL_IP_MULTICAST_ALL 1
| #define HAVE_DECL_IP_TOS 1
| #define HAVE_DECL_IP_DROP_MEMBERSHIP 1
| #define HAVE_DECL_IPV6_LEAVE_GROUP 1
| #define HAVE_DECL_MCAST_LEAVE_GROUP 1
| #define HAVE_DECL_MSG_TRUNC 1
| #define HAVE_DECL_IP_RECVTOS 1
| #define HAVE_DECL_CMSG_FIRSTHDR 1
| #define HAVE_DECL_CMSG_SPACE 1
| #define HAVE_DECL_CMSG_LEN 1
| #define HAVE_DECL_MCAST_JOIN_GROUP 1
| #define HAVE_DECL_MCAST_JOIN_SOURCE_GROUP 1
| #define HAVE_DECL_MCAST_LEAVE_SOURCE_GROUP 1
| #define HAVE_DECL_IPV6_JOIN_GROUP 1
| #define HAVE_DECL_IPV6_V6ONLY 1
| #define HAVE_DECL_IPV6_ADD_MEMBERSHIP 1
| #define HAVE_DECL_IPV6_MULTICAST_HOPS 1
| #define HAVE_DECL_MSG_PEEK 1
| #define HAVE_DECL_MSG_WAITALL 1
| #define HAVE_DECL_TCP_CONGESTION 1
| #define HAVE_DECL_TCP_NODELAY 1
| #define HAVE_DECL_TCP_INFO 1
| #define HAVE_DECL_TCP_CONNECTION_INFO 0
| #define HAVE_DECL_TCP_WINDOW_CLAMP 1
| #define HAVE_DECL_TCP_TX_DELAY 1
| #define HAVE_DECL_TCP_QUICKACK 1
| #define HAVE_DECL_SO_ZEROCOPY 1
| #define HAVE_DECL_MSG_ZEROCOPY 1
| #define HAVE_DECL_MSG_ERRQUEUE 1
| #define HAVE_DECL_IP_MULTICAST_IF 1
| #define HAVE_DECL_IPV6_MULTICAST_IF 1
| #define HAVE_DECL_MCAST_BLOCK_SOURCE 1
| #define HAVE_DECL_MCAST_UNBLOCK_SOURCE 1
| #define HAVE_DECL_IP_BLOCK_SOURCE 1
| #define HAVE_DECL_IP_UNBLOCK_SOURCE 1
| #define HAVE_DECL_TCP_NOTSENT_LOWAT 1
| #define HAVE_DECL_TCP_MAXSEG 1
| #define HAVE_DECL_IP_ADD_MEMBERSHIP 1
| #define HAVE_DECL_IP_ADD_SOURCE_MEMBERSHIP 1
| #define HAVE_DECL_IP_DROP_SOURCE_MEMBERSHIP 1
| #define HAVE_STRUCT_SOCKADDR_STORAGE 1
| #define HAVE_STRUCT_SOCKADDR_IN6 1
| #define HAVE_STRUCT_GROUP_SOURCE_REQ 1
| #define HAVE_STRUCT_IP_MREQ 1
| #define HAVE_STRUCT_IP_MREQN 1
| #define HAVE_STRUCT_IPV6_MREQ 1
| /* end confdefs.h.  */
| 
| #ifdef HAVE_WINSOCK2_H
| #define _WIN32_WINNT 0x0501 /* use (at least) WinXP API */
| #define WIN32_LEAN_AND_MEAN /* exclude unnecesary headers */
| #include <windows.h>
| #include <winsock2.h>
| #include <ws2tcpip.h>
| #else
| #include <sys/socket.h>
| #include <netinet/in.h>
| #include <netinet/tcp.h>
| #endif
| 
| 
| int
| main (void)
| {
| if (sizeof ((struct ip_mreq_source)))
| 	    return 0;
|   ;
|   return 0;
| }
configure:9167: result: yes
configure:9178: checking for struct sockaddr_in6.sin6_len
configure:9178: gcc -c -O2  conftest.c >&5
conftest.c: In function 'main':
conftest.c:166:12: error: 'struct sockaddr_in6' has no member named 'sin6_len'
  166 | if (ac_aggr.sin6_len)
      |            ^
configure:9178: $? = 1
configure: failed program was:
| /* confdefs.h */
| #define PACKAGE_NAME "Iperf"
| #define PACKAGE_TARNAME "iperf"
| #define PACKAGE_VERSION "2.2.1"
| #define PACKAGE_STRING "Iperf 2.2.1"
| #define PACKAGE_BUGREPORT ""
| #define PACKAGE_URL ""
| #define PACKAGE "iperf"
| #define VERSION "2.2.1"
| #define HAVE_LIBRT 1
| #define HAVE_PTHREAD_PRIO_INHERIT 1
| #define HAVE_PTHREAD 1
| #define HAVE_POSIX_THREAD 1
| #define _REENTRANT 1
| #define HAVE_STDIO_H 1
| #define HAVE_STDLIB_H 1
| #define HAVE_STRING_H 1
| #define HAVE_INTTYPES_H 1
| #define HAVE_STDINT_H 1
| #define HAVE_STRINGS_H 1
| #define HAVE_SYS_STAT_H 1
| #define HAVE_SYS_TYPES_H 1
| #define HAVE_UNISTD_H 1
| #define HAVE_SYS_SELECT_H 1
| #define HAVE_SYS_SOCKET_H 1
| #define STDC_HEADERS 1
| #define HAVE_ARPA_INET_H 1
| #define HAVE_LIBINTL_H 1
| #define HAVE_NET_ETHERNET_H 1
| #define HAVE_NET_IF_H 1
| #define HAVE_SYS_IOCTL_H 1
| #define HAVE_LINUX_SOCKIOS_H 1
| #define HAVE_LINUX_IP_H 1
| #define HAVE_LINUX_UDP_H 1
| #define HAVE_LINUX_TCP_H 1
| #define HAVE_LINUX_IF_PACKET_H 1
| #define HAVE_LINUX_FILTER_H 1
| #define HAVE_LINUX_IF_TUN_H 1
| #define HAVE_NETDB_H 1
| #define HAVE_NETINET_IN_H 1
| #define HAVE_NETINET_TCP_H 1
| #define HAVE_NETINET_IP_H 1
| #define HAVE_NETINET_UDP_H 1
| #define HAVE_STDLIB_H 1
| #define HAVE_STRING_H 1
| #define HAVE_STRINGS_H 1
| #define HAVE_SYS_SOCKET_H 1
| #define HAVE_SYS_TIME_H 1
| #define HAVE_SYSLOG_H 1
| #define HAVE_UNISTD_H 1
| #define HAVE_SIGNAL_H 1
| #define HAVE_SSIZE_T 1
| #define HAVE_INT64_T 1
| #define Socklen_t socklen_t
| #define SELECT_TYPE_ARG1 int
| #define SELECT_TYPE_ARG234 (fd_set *)
| #define SELECT_TYPE_ARG5 (struct timeval *)
| #define HAVE_STRFTIME 1
| #define HAVE_VPRINTF 1
| #define HAVE_ATEXIT 1
| #define HAVE_MEMSET 1
| #define HAVE_SELECT 1
| #define HAVE_STRCHR 1
| #define HAVE_STRERROR 1
| #define HAVE_STRTOL 1
| #define HAVE_STRTOLL 1
| #define HAVE_STRTOD 1
| #define HAVE_USLEEP 1
| #define HAVE_CLOCK_GETTIME 1
| #define HAVE_SCHED_SETSCHEDULER 1
| #define HAVE_SCHED_YIELD 1
| #define HAVE_MLOCKALL 1
| #define HAVE_SETITIMER 1
| #define HAVE_NANOSLEEP 1
| #define HAVE_CLOCK_NANOSLEEP 1
| #define HAVE_FREOPEN 1
| #define HAVE_GETIFADDRS 1
| #define HAVE_SNPRINTF 1
| #define HAVE_GETTIMEOFDAY 1
| #define HAVE_INET_PTON 1
| #define HAVE_INET_NTOP 1
| #define HAVE_DECL_ENOBUFS 1
| #define HAVE_DECL_EWOULDBLOCK 1
| #define HAVE_DECL_SIOCGIFMTU 1
| #define HAVE_DECL_PTHREAD_CANCEL 1
| #define HAVE_DECL_PTHREAD_THREADID_NP 0
| #define HAVE_DECL_CPU_SET 1
| #define HAVE_DECL_SIGALRM 1
| #define HAVE_DECL_AF_INET6 1
| #define HAVE_DECL_SO_TIMESTAMP 1
| #define HAVE_DECL_SO_SNDTIMEO 1
| #define HAVE_DECL_SO_REUSEADDR 1
| #define HAVE_DECL_SO_REUSEPORT 1
| #define HAVE_DECL_SO_BINDTODEVICE 1
| #define HAVE_DECL_MSG_DONTWAIT 1
| #define HAVE_DECL_MSG_CTRUNC 1
| #define HAVE_DECL_SO_MAX_PACING_RATE 1
| #define HAVE_DECL_SO_DONTROUTE 1
| #define HAVE_DECL_IPV6_TCLASS 1
| #define HAVE_DECL_IP_MULTICAST_ALL 1
| #define HAVE_DECL_IP_TOS 1
| #define HAVE_DECL_IP_DROP_MEMBERSHIP 1
| #define HAVE_DECL_IPV6_LEAVE_GROUP 1
| #define HAVE_DECL_MCAST_LEAVE_GROUP 1
| #define HAVE_DECL_MSG_TRUNC 1
| #define HAVE_DECL_IP_RECVTOS 1
| #define HAVE_DECL_CMSG_FIRSTHDR 1
| #define HAVE_DECL_CMSG_SPACE 1
| #define HAVE_DECL_CMSG_LEN 1
| #define HAVE_DECL_MCAST_JOIN_GROUP 1
| #define HAVE_DECL_MCAST_JOIN_SOURCE_GROUP 1
| #define HAVE_DECL_MCAST_LEAVE_SOURCE_GROUP 1
| #define HAVE_DECL_IPV6_JOIN_GROUP 1
| #define HAVE_DECL_IPV6_V6ONLY 1
| #define HAVE_DECL_IPV6_ADD_MEMBERSHIP 1
| #define HAVE_DECL_IPV6_MULTICAST_HOPS 1
| #define HAVE_DECL_MSG_PEEK 1
| #define HAVE_DECL_MSG_WAITALL 1
| #define HAVE_DECL_TCP_CONGESTION 1
| #define HAVE_DECL_TCP_NODELAY 1
| #define HAVE_DECL_TCP_INFO 1
| #define HAVE_DECL_TCP_CONNECTION_INFO 0
| #define HAVE_DECL_TCP_WINDOW_CLAMP 1
| #define HAVE_DECL_TCP_TX_DELAY 1
| #define HAVE_DECL_TCP_QUICKACK 1
| #define HAVE_DECL_SO_ZEROCOPY 1
| #define HAVE_DECL_MSG_ZEROCOPY 1
| #define HAVE_DECL_MSG_ERRQUEUE 1
| #define HAVE_DECL_IP_MULTICAST_IF 1
| #define HAVE_DECL_IPV6_MULTICAST_IF 1
| #define HAVE_DECL_MCAST_BLOCK_SOURCE 1
| #define HAVE_DECL_MCAST_UNBLOCK_SOURCE 1
| #define HAVE_DECL_IP_BLOCK_SOURCE 1
| #define HAVE_DECL_IP_UNBLOCK_SOURCE 1
| #define HAVE_DECL_TCP_NOTSENT_LOWAT 1
| #define HAVE_DECL_TCP_MAXSEG 1
| #define HAVE_DECL_IP_ADD_MEMBERSHIP 1
| #define HAVE_DECL_IP_ADD_SOURCE_MEMBERSHIP 1
| #define HAVE_DECL_IP_DROP_SOURCE_MEMBERSHIP 1
| #define HAVE_STRUCT_SOCKADDR_STORAGE 1
| #define HAVE_STRUCT_SOCKADDR_IN6 1
| #define HAVE_STRUCT_GROUP_SOURCE_REQ 1
| #define HAVE_STRUCT_IP_MREQ 1
| #define HAVE_STRUCT_IP_MREQN 1
| #define HAVE_STRUCT_IPV6_MREQ 1
| #define HAVE_STRUCT_IP_MREQ_SOURCE 1
| /* end confdefs.h.  */
| 
| #ifdef HAVE_WINSOCK2_H
| #define _WIN32_WINNT 0x0501 /* use (at least) WinXP API */
| #define WIN32_LEAN_AND_MEAN /* exclude unnecesary headers */
| #include <windows.h>
| #include <winsock2.h>
| #include <ws2tcpip.h>
| #else
| #include <sys/socket.h>
| #include <netinet/in.h>
| #include <netinet/tcp.h>
| #endif
| 
| 
| int
| main (void)
| {
| static struct sockaddr_in6 ac_aggr;
| if (ac_aggr.sin6_len)
| return 0;
|   ;
|   return 0;
| }
configure:9178: gcc -c -O2  conftest.c >&5
conftest.c: In function 'main':
conftest.c:166:19: error: 'struct sockaddr_in6' has no member named 'sin6_len'
  166 | if (sizeof ac_aggr.sin6_len)
      |                   ^
configure:9178: $? = 1
configure: failed program was:
| /* confdefs.h */
| #define PACKAGE_NAME "Iperf"
| #define PACKAGE_TARNAME "iperf"
| #define PACKAGE_VERSION "2.2.1"
| #define PACKAGE_STRING "Iperf 2.2.1"
| #define PACKAGE_BUGREPORT ""
| #define PACKAGE_URL ""
| #define PACKAGE "iperf"
| #define VERSION "2.2.1"
| #define HAVE_LIBRT 1
| #define HAVE_PTHREAD_PRIO_INHERIT 1
| #define HAVE_PTHREAD 1
| #define HAVE_POSIX_THREAD 1
| #define _REENTRANT 1
| #define HAVE_STDIO_H 1
| #define HAVE_STDLIB_H 1
| #define HAVE_STRING_H 1
| #define HAVE_INTTYPES_H 1
| #define HAVE_STDINT_H 1
| #define HAVE_STRINGS_H 1
| #define HAVE_SYS_STAT_H 1
| #define HAVE_SYS_TYPES_H 1
| #define HAVE_UNISTD_H 1
| #define HAVE_SYS_SELECT_H 1
| #define HAVE_SYS_SOCKET_H 1
| #define STDC_HEADERS 1
| #define HAVE_ARPA_INET_H 1
| #define HAVE_LIBINTL_H 1
| #define HAVE_NET_ETHERNET_H 1
| #define HAVE_NET_IF_H 1
| #define HAVE_SYS_IOCTL_H 1
| #define HAVE_LINUX_SOCKIOS_H 1
| #define HAVE_LINUX_IP_H 1
| #define HAVE_LINUX_UDP_H 1
| #define HAVE_LINUX_TCP_H 1
| #define HAVE_LINUX_IF_PACKET_H 1
| #define HAVE_LINUX_FILTER_H 1
| #define HAVE_LINUX_IF_TUN_H 1
| #define HAVE_NETDB_H 1
| #define HAVE_NETINET_IN_H 1
| #define HAVE_NETINET_TCP_H 1
| #define HAVE_NETINET_IP_H 1
| #define HAVE_NETINET_UDP_H 1
| #define HAVE_STDLIB_H 1
| #define HAVE_STRING_H 1
| #define HAVE_STRINGS_H 1
| #define HAVE_SYS_SOCKET_H 1
| #define HAVE_SYS_TIME_H 1
| #define HAVE_SYSLOG_H 1
| #define HAVE_UNISTD_H 1
| #define HAVE_SIGNAL_H 1
| #define HAVE_SSIZE_T 1
| #define HAVE_INT64_T 1
| #define Socklen_t socklen_t
| #define SELECT_TYPE_ARG1 int
| #define SELECT_TYPE_ARG234 (fd_set *)
| #define SELECT_TYPE_ARG5 (struct timeval *)
| #define HAVE_STRFTIME 1
| #define HAVE_VPRINTF 1
| #define HAVE_ATEXIT 1
| #define HAVE_MEMSET 1
| #define HAVE_SELECT 1
| #define HAVE_STRCHR 1
| #define HAVE_STRERROR 1
| #define HAVE_STRTOL 1
| #define HAVE_STRTOLL 1
| #define HAVE_STRTOD 1
| #define HAVE_USLEEP 1
| #define HAVE_CLOCK_GETTIME 1
| #define HAVE_SCHED_SETSCHEDULER 1
| #define HAVE_SCHED_YIELD 1
| #define HAVE_MLOCKALL 1
| #define HAVE_SETITIMER 1
| #define HAVE_NANOSLEEP 1
| #define HAVE_CLOCK_NANOSLEEP 1
| #define HAVE_FREOPEN 1
| #define HAVE_GETIFADDRS 1
| #define HAVE_SNPRINTF 1
| #define HAVE_GETTIMEOFDAY 1
| #define HAVE_INET_PTON 1
| #define HAVE_INET_NTOP 1
| #define HAVE_DECL_ENOBUFS 1
| #define HAVE_DECL_EWOULDBLOCK 1
| #define HAVE_DECL_SIOCGIFMTU 1
| #define HAVE_DECL_PTHREAD_CANCEL 1
| #define HAVE_DECL_PTHREAD_THREADID_NP 0
| #define HAVE_DECL_CPU_SET 1
| #define HAVE_DECL_SIGALRM 1
| #define HAVE_DECL_AF_INET6 1
| #define HAVE_DECL_SO_TIMESTAMP 1
| #define HAVE_DECL_SO_SNDTIMEO 1
| #define HAVE_DECL_SO_REUSEADDR 1
| #define HAVE_DECL_SO_REUSEPORT 1
| #define HAVE_DECL_SO_BINDTODEVICE 1
| #define HAVE_DECL_MSG_DONTWAIT 1
| #define HAVE_DECL_MSG_CTRUNC 1
| #define HAVE_DECL_SO_MAX_PACING_RATE 1
| #define HAVE_DECL_SO_DONTROUTE 1
| #define HAVE_DECL_IPV6_TCLASS 1
| #define HAVE_DECL_IP_MULTICAST_ALL 1
| #define HAVE_DECL_IP_TOS 1
| #define HAVE_DECL_IP_DROP_MEMBERSHIP 1
| #define HAVE_DECL_IPV6_LEAVE_GROUP 1
| #define HAVE_DECL_MCAST_LEAVE_GROUP 1
| #define HAVE_DECL_MSG_TRUNC 1
| #define HAVE_DECL_IP_RECVTOS 1
| #define HAVE_DECL_CMSG_FIRSTHDR 1
| #define HAVE_DECL_CMSG_SPACE 1
| #define HAVE_DECL_CMSG_LEN 1
| #define HAVE_DECL_MCAST_JOIN_GROUP 1
| #define HAVE_DECL_MCAST_JOIN_SOURCE_GROUP 1
| #define HAVE_DECL_MCAST_LEAVE_SOURCE_GROUP 1
| #define HAVE_DECL_IPV6_JOIN_GROUP 1
| #define HAVE_DECL_IPV6_V6ONLY 1
| #define HAVE_DECL_IPV6_ADD_MEMBERSHIP 1
| #define HAVE_DECL_IPV6_MULTICAST_HOPS 1
| #define HAVE_DECL_MSG_PEEK 1
| #define HAVE_DECL_MSG_WAITALL 1
| #define HAVE_DECL_TCP_CONGESTION 1
| #define HAVE_DECL_TCP_NODELAY 1
| #define HAVE_DECL_TCP_INFO 1
| #define HAVE_DECL_TCP_CONNECTION_INFO 0
| #define HAVE_DECL_TCP_WINDOW_CLAMP 1
| #define HAVE_DECL_TCP_TX_DELAY 1
| #define HAVE_DECL_TCP_QUICKACK 1
| #define HAVE_DECL_SO_ZEROCOPY 1
| #define HAVE_DECL_MSG_ZEROCOPY 1
| #define HAVE_DECL_MSG_ERRQUEUE 1
| #define HAVE_DECL_IP_MULTICAST_IF 1
| #define HAVE_DECL_IPV6_MULTICAST_IF 1
| #define HAVE_DECL_MCAST_BLOCK_SOURCE 1
| #define HAVE_DECL_MCAST_UNBLOCK_SOURCE 1
| #define HAVE_DECL_IP_BLOCK_SOURCE 1
| #define HAVE_DECL_IP_UNBLOCK_SOURCE 1
| #define HAVE_DECL_TCP_NOTSENT_LOWAT 1
| #define HAVE_DECL_TCP_MAXSEG 1
| #define HAVE_DECL_IP_ADD_MEMBERSHIP 1
| #define HAVE_DECL_IP_ADD_SOURCE_MEMBERSHIP 1
| #define HAVE_DECL_IP_DROP_SOURCE_MEMBERSHIP 1
| #define HAVE_STRUCT_SOCKADDR_STORAGE 1
| #define HAVE_STRUCT_SOCKADDR_IN6 1
| #define HAVE_STRUCT_GROUP_SOURCE_REQ 1
| #define HAVE_STRUCT_IP_MREQ 1
| #define HAVE_STRUCT_IP_MREQN 1
| #define HAVE_STRUCT_IPV6_MREQ 1
| #define HAVE_STRUCT_IP_MREQ_SOURCE 1
| /* end confdefs.h.  */
| 
| #ifdef HAVE_WINSOCK2_H
| #define _WIN32_WINNT 0x0501 /* use (at least) WinXP API */
| #define WIN32_LEAN_AND_MEAN /* exclude unnecesary headers */
| #include <windows.h>
| #include <winsock2.h>
| #include <ws2tcpip.h>
| #else
| #include <sys/socket.h>
| #include <netinet/in.h>
| #include <netinet/tcp.h>
| #endif
| 
| 
| int
| main (void)
| {
| static struct sockaddr_in6 ac_aggr;
| if (sizeof ac_aggr.sin6_len)
| return 0;
|   ;
|   return 0;
| }
configure:9178: result: no
configure:9187: checking for struct ip_mreq_source.imr_multiaddr.s_addr
configure:9187: gcc -c -O2  conftest.c >&5
configure:9187: $? = 0
configure:9187: result: yes
configure:9198: checking for struct tcp_info.tcpi_total_retrans
configure:9198: gcc -c -O2  conftest.c >&5
configure:9198: $? = 0
configure:9198: result: yes
configure:9210: checking for struct tcp_info.tcpi_unacked
configure:9210: gcc -c -O2  conftest.c >&5
configure:9210: $? = 0
configure:9210: result: yes
configure:9222: checking for struct tcp_info.tcpi_sacked
configure:9222: gcc -c -O2  conftest.c >&5
configure:9222: $? = 0
configure:9222: result: yes
configure:9234: checking for struct tcp_info.tcpi_lost
configure:9234: gcc -c -O2  conftest.c >&5
configure:9234: $? = 0
configure:9234: result: yes
configure:9246: checking for struct tcp_info.tcpi_retrans
configure:9246: gcc -c -O2  conftest.c >&5
configure:9246: $? = 0
configure:9246: result: yes
configure:9258: checking for struct tcp_info.tcpi_snd_mss
configure:9258: gcc -c -O2  conftest.c >&5
configure:9258: $? = 0
configure:9258: result: yes
configure:9270: checking for struct tcp_info.tcpi_snd_cwnd
configure:9270: gcc -c -O2  conftest.c >&5
configure:9270: $? = 0
configure:9270: result: yes
configure:9284: checking for struct tcp_info.tcpi_delivered
configure:9284: gcc -c -O2  conftest.c >&5
configure:9284: $? = 0
configure:9284: result: yes
configure:9295: checking for struct tcp_info.tcpi_delivered_ce
configure:9295: gcc -c -O2  conftest.c >&5
configure:9295: $? = 0
configure:9295: result: yes
configure:9306: checking for struct tcp_info.tcpi_dsack_dups
configure:9306: gcc -c -O2  conftest.c >&5
configure:9306: $? = 0
configure:9306: result: yes
configure:9317: checking for struct tcp_info.tcpi_data_segs_out
configure:9317: gcc -c -O2  conftest.c >&5
configure:9317: $? = 0
configure:9317: result: yes
configure:9331: checking for _Bool
configure:9331: gcc -c -O2  conftest.c >&5
configure:9331: $? = 0
configure:9331: gcc -c -O2  conftest.c >&5
conftest.c: In function 'main':
conftest.c:191:20: error: expected expression before ')' token
  191 | if (sizeof ((_Bool)))
      |                    ^
configure:9331: $? = 1
configure: failed program was:
| /* confdefs.h */
| #define PACKAGE_NAME "Iperf"
| #define PACKAGE_TARNAME "iperf"
| #define PACKAGE_VERSION "2.2.1"
| #define PACKAGE_STRING "Iperf 2.2.1"
| #define PACKAGE_BUGREPORT ""
| #define PACKAGE_URL ""
| #define PACKAGE "iperf"
| #define VERSION "2.2.1"
| #define HAVE_LIBRT 1
| #define HAVE_PTHREAD_PRIO_INHERIT 1
| #define HAVE_PTHREAD 1
| #define HAVE_POSIX_THREAD 1
| #define _REENTRANT 1
| #define HAVE_STDIO_H 1
| #define HAVE_STDLIB_H 1
| #define HAVE_STRING_H 1
| #define HAVE_INTTYPES_H 1
| #define HAVE_STDINT_H 1
| #define HAVE_STRINGS_H 1
| #define HAVE_SYS_STAT_H 1
| #define HAVE_SYS_TYPES_H 1
| #define HAVE_UNISTD_H 1
| #define HAVE_SYS_SELECT_H 1
| #define HAVE_SYS_SOCKET_H 1
| #define STDC_HEADERS 1
| #define HAVE_ARPA_INET_H 1
| #define HAVE_LIBINTL_H 1
| #define HAVE_NET_ETHERNET_H 1
| #define HAVE_NET_IF_H 1
| #define HAVE_SYS_IOCTL_H 1
| #define HAVE_LINUX_SOCKIOS_H 1
| #define HAVE_LINUX_IP_H 1
| #define HAVE_LINUX_UDP_H 1
| #define HAVE_LINUX_TCP_H 1
| #define HAVE_LINUX_IF_PACKET_H 1
| #define HAVE_LINUX_FILTER_H 1
| #define HAVE_LINUX_IF_TUN_H 1
| #define HAVE_NETDB_H 1
| #define HAVE_NETINET_IN_H 1
| #define HAVE_NETINET_TCP_H 1
| #define HAVE_NETINET_IP_H 1
| #define HAVE_NETINET_UDP_H 1
| #define HAVE_STDLIB_H 1
| #define HAVE_STRING_H 1
| #define HAVE_STRINGS_H 1
| #define HAVE_SYS_SOCKET_H 1
| #define HAVE_SYS_TIME_H 1
| #define HAVE_SYSLOG_H 1
| #define HAVE_UNISTD_H 1
| #define HAVE_SIGNAL_H 1
| #define HAVE_SSIZE_T 1
| #define HAVE_INT64_T 1
| #define Socklen_t socklen_t
| #define SELECT_TYPE_ARG1 int
| #define SELECT_TYPE_ARG234 (fd_set *)
| #define SELECT_TYPE_ARG5 (struct timeval *)
| #define HAVE_STRFTIME 1
| #define HAVE_VPRINTF 1
| #define HAVE_ATEXIT 1
| #define HAVE_MEMSET 1
| #define HAVE_SELECT 1
| #define HAVE_STRCHR 1
| #define HAVE_STRERROR 1
| #define HAVE_STRTOL 1
| #define HAVE_STRTOLL 1
| #define HAVE_STRTOD 1
| #define HAVE_USLEEP 1
| #define HAVE_CLOCK_GETTIME 1
| #define HAVE_SCHED_SETSCHEDULER 1
| #define HAVE_SCHED_YIELD 1
| #define HAVE_MLOCKALL 1
| #define HAVE_SETITIMER 1
| #define HAVE_NANOSLEEP 1
| #define HAVE_CLOCK_NANOSLEEP 1
| #define HAVE_FREOPEN 1
| #define HAVE_GETIFADDRS 1
| #define HAVE_SNPRINTF 1
| #define HAVE_GETTIMEOFDAY 1
| #define HAVE_INET_PTON 1
| #define HAVE_INET_NTOP 1
| #define HAVE_DECL_ENOBUFS 1
| #define HAVE_DECL_EWOULDBLOCK 1
| #define HAVE_DECL_SIOCGIFMTU 1
| #define HAVE_DECL_PTHREAD_CANCEL 1
| #define HAVE_DECL_PTHREAD_THREADID_NP 0
| #define HAVE_DECL_CPU_SET 1
| #define HAVE_DECL_SIGALRM 1
| #define HAVE_DECL_AF_INET6 1
| #define HAVE_DECL_SO_TIMESTAMP 1
| #define HAVE_DECL_SO_SNDTIMEO 1
| #define HAVE_DECL_SO_REUSEADDR 1
| #define HAVE_DECL_SO_REUSEPORT 1
| #define HAVE_DECL_SO_BINDTODEVICE 1
| #define HAVE_DECL_MSG_DONTWAIT 1
| #define HAVE_DECL_MSG_CTRUNC 1
| #define HAVE_DECL_SO_MAX_PACING_RATE 1
| #define HAVE_DECL_SO_DONTROUTE 1
| #define HAVE_DECL_IPV6_TCLASS 1
| #define HAVE_DECL_IP_MULTICAST_ALL 1
| #define HAVE_DECL_IP_TOS 1
| #define HAVE_DECL_IP_DROP_MEMBERSHIP 1
| #define HAVE_DECL_IPV6_LEAVE_GROUP 1
| #define HAVE_DECL_MCAST_LEAVE_GROUP 1
| #define HAVE_DECL_MSG_TRUNC 1
| #define HAVE_DECL_IP_RECVTOS 1
| #define HAVE_DECL_CMSG_FIRSTHDR 1
| #define HAVE_DECL_CMSG_SPACE 1
| #define HAVE_DECL_CMSG_LEN 1
| #define HAVE_DECL_MCAST_JOIN_GROUP 1
| #define HAVE_DECL_MCAST_JOIN_SOURCE_GROUP 1
| #define HAVE_DECL_MCAST_LEAVE_SOURCE_GROUP 1
| #define HAVE_DECL_IPV6_JOIN_GROUP 1
| #define HAVE_DECL_IPV6_V6ONLY 1
| #define HAVE_DECL_IPV6_ADD_MEMBERSHIP 1
| #define HAVE_DECL_IPV6_MULTICAST_HOPS 1
| #define HAVE_DECL_MSG_PEEK 1
| #define HAVE_DECL_MSG_WAITALL 1
| #define HAVE_DECL_TCP_CONGESTION 1
| #define HAVE_DECL_TCP_NODELAY 1
| #define HAVE_DECL_TCP_INFO 1
| #define HAVE_DECL_TCP_CONNECTION_INFO 0
| #define HAVE_DECL_TCP_WINDOW_CLAMP 1
| #define HAVE_DECL_TCP_TX_DELAY 1
| #define HAVE_DECL_TCP_QUICKACK 1
| #define HAVE_DECL_SO_ZEROCOPY 1
| #define HAVE_DECL_MSG_ZEROCOPY 1
| #define HAVE_DECL_MSG_ERRQUEUE 1
| #define HAVE_DECL_IP_MULTICAST_IF 1
| #define HAVE_DECL_IPV6_MULTICAST_IF 1
| #define HAVE_DECL_MCAST_BLOCK_SOURCE 1
| #define HAVE_DECL_MCAST_UNBLOCK_SOURCE 1
| #define HAVE_DECL_IP_BLOCK_SOURCE 1
| #define HAVE_DECL_IP_UNBLOCK_SOURCE 1
| #define HAVE_DECL_TCP_NOTSENT_LOWAT 1
| #define HAVE_DECL_TCP_MAXSEG 1
| #define HAVE_DECL_IP_ADD_MEMBERSHIP 1
| #define HAVE_DECL_IP_ADD_SOURCE_MEMBERSHIP 1
| #define HAVE_DECL_IP_DROP_SOURCE_MEMBERSHIP 1
| #define HAVE_STRUCT_SOCKADDR_STORAGE 1
| #define HAVE_STRUCT_SOCKADDR_IN6 1
| #define HAVE_STRUCT_GROUP_SOURCE_REQ 1
| #define HAVE_STRUCT_IP_MREQ 1
| #define HAVE_STRUCT_IP_MREQN 1
| #define HAVE_STRUCT_IPV6_MREQ 1
| #define HAVE_STRUCT_IP_MREQ_SOURCE 1
| #define HAVE_STRUCT_IP_MREQ_SOURCE_IMR_MULTIADDR_S_ADDR 1
| #define HAVE_STRUCT_TCP_INFO_TCPI_TOTAL_RETRANS 1
| #define HAVE_STRUCT_TCP_INFO_TCPI_UNACKED 1
| #define HAVE_STRUCT_TCP_INFO_TCPI_SACKED 1
| #define HAVE_STRUCT_TCP_INFO_TCPI_LOST 1
| #define HAVE_STRUCT_TCP_INFO_TCPI_RETRANS 1
| #define HAVE_STRUCT_TCP_INFO_TCPI_SND_MSS 1
| #define HAVE_STRUCT_TCP_INFO_TCPI_SND_CWND 1
| #define HAVE_STRUCT_TCP_INFO_TCPI_DELIVERED 1
| #define HAVE_STRUCT_TCP_INFO_TCPI_DELIVERED_CE 1
| #define HAVE_STRUCT_TCP_INFO_TCPI_DSACK_DUPS 1
| #define HAVE_STRUCT_TCP_INFO_TCPI_DATA_SEGS_OUT 1
| /* end confdefs.h.  */
| #include <stddef.h>
| #ifdef HAVE_STDIO_H
| # include <stdio.h>
| #endif
| #ifdef HAVE_STDLIB_H
| # include <stdlib.h>
| #endif
| #ifdef HAVE_STRING_H
| # include <string.h>
| #endif
| #ifdef HAVE_INTTYPES_H
| # include <inttypes.h>
| #endif
| #ifdef HAVE_STDINT_H
| # include <stdint.h>
| #endif
| #ifdef HAVE_STRINGS_H
| # include <strings.h>
| #endif
| #ifdef HAVE_SYS_TYPES_H
| # include <sys/types.h>
| #endif
| #ifdef HAVE_SYS_STAT_H
| # include <sys/stat.h>
| #endif
| #ifdef HAVE_UNISTD_H
| # include <unistd.h>
| #endif
| int
| main (void)
| {
| if (sizeof ((_Bool)))
| 	    return 0;
|   ;
|   return 0;
| }
configure:9331: result: yes
configure:9340: checking for stdbool.h that conforms to C99 or later
configure:9415: gcc -c -O2  conftest.c >&5
configure:9415: $? = 0
configure:9425: result: yes
configure:9435: checking whether byte ordering is bigendian
configure:9451: gcc -c -O2  conftest.c >&5
conftest.c:163:16: error: unknown type name 'not'
  163 |                not a universal capable compiler
      |                ^~~
conftest.c:163:22: error: expected '=', ',', ';', 'asm' or '__attribute__' before 'universal'
  163 |                not a universal capable compiler
      |                      ^~~~~~~~~
conftest.c:163:22: error: unknown type name 'universal'
configure:9451: $? = 1
configure: failed program was:
| /* confdefs.h */
| #define PACKAGE_NAME "Iperf"
| #define PACKAGE_TARNAME "iperf"
| #define PACKAGE_VERSION "2.2.1"
| #define PACKAGE_STRING "Iperf 2.2.1"
| #define PACKAGE_BUGREPORT ""
| #define PACKAGE_URL ""
| #define PACKAGE "iperf"
| #define VERSION "2.2.1"
| #define HAVE_LIBRT 1
| #define HAVE_PTHREAD_PRIO_INHERIT 1
| #define HAVE_PTHREAD 1
| #define HAVE_POSIX_THREAD 1
| #define _REENTRANT 1
| #define HAVE_STDIO_H 1
| #define HAVE_STDLIB_H 1
| #define HAVE_STRING_H 1
| #define HAVE_INTTYPES_H 1
| #define HAVE_STDINT_H 1
| #define HAVE_STRINGS_H 1
| #define HAVE_SYS_STAT_H 1
| #define HAVE_SYS_TYPES_H 1
| #define HAVE_UNISTD_H 1
| #define HAVE_SYS_SELECT_H 1
| #define HAVE_SYS_SOCKET_H 1
| #define STDC_HEADERS 1
| #define HAVE_ARPA_INET_H 1
| #define HAVE_LIBINTL_H 1
| #define HAVE_NET_ETHERNET_H 1
| #define HAVE_NET_IF_H 1
| #define HAVE_SYS_IOCTL_H 1
| #define HAVE_LINUX_SOCKIOS_H 1
| #define HAVE_LINUX_IP_H 1
| #define HAVE_LINUX_UDP_H 1
| #define HAVE_LINUX_TCP_H 1
| #define HAVE_LINUX_IF_PACKET_H 1
| #define HAVE_LINUX_FILTER_H 1
| #define HAVE_LINUX_IF_TUN_H 1
| #define HAVE_NETDB_H 1
| #define HAVE_NETINET_IN_H 1
| #define HAVE_NETINET_TCP_H 1
| #define HAVE_NETINET_IP_H 1
| #define HAVE_NETINET_UDP_H 1
| #define HAVE_STDLIB_H 1
| #define HAVE_STRING_H 1
| #define HAVE_STRINGS_H 1
| #define HAVE_SYS_SOCKET_H 1
| #define HAVE_SYS_TIME_H 1
| #define HAVE_SYSLOG_H 1
| #define HAVE_UNISTD_H 1
| #define HAVE_SIGNAL_H 1
| #define HAVE_SSIZE_T 1
| #define HAVE_INT64_T 1
| #define Socklen_t socklen_t
| #define SELECT_TYPE_ARG1 int
| #define SELECT_TYPE_ARG234 (fd_set *)
| #define SELECT_TYPE_ARG5 (struct timeval *)
| #define HAVE_STRFTIME 1
| #define HAVE_VPRINTF 1
| #define HAVE_ATEXIT 1
| #define HAVE_MEMSET 1
| #define HAVE_SELECT 1
| #define HAVE_STRCHR 1
| #define HAVE_STRERROR 1
| #define HAVE_STRTOL 1
| #define HAVE_STRTOLL 1
| #define HAVE_STRTOD 1
| #define HAVE_USLEEP 1
| #define HAVE_CLOCK_GETTIME 1
| #define HAVE_SCHED_SETSCHEDULER 1
| #define HAVE_SCHED_YIELD 1
| #define HAVE_MLOCKALL 1
| #define HAVE_SETITIMER 1
| #define HAVE_NANOSLEEP 1
| #define HAVE_CLOCK_NANOSLEEP 1
| #define HAVE_FREOPEN 1
| #define HAVE_GETIFADDRS 1
| #define HAVE_SNPRINTF 1
| #define HAVE_GETTIMEOFDAY 1
| #define HAVE_INET_PTON 1
| #define HAVE_INET_NTOP 1
| #define HAVE_DECL_ENOBUFS 1
| #define HAVE_DECL_EWOULDBLOCK 1
| #define HAVE_DECL_SIOCGIFMTU 1
| #define HAVE_DECL_PTHREAD_CANCEL 1
| #define HAVE_DECL_PTHREAD_THREADID_NP 0
| #define HAVE_DECL_CPU_SET 1
| #define HAVE_DECL_SIGALRM 1
| #define HAVE_DECL_AF_INET6 1
| #define HAVE_DECL_SO_TIMESTAMP 1
| #define HAVE_DECL_SO_SNDTIMEO 1
| #define HAVE_DECL_SO_REUSEADDR 1
| #define HAVE_DECL_SO_REUSEPORT 1
| #define HAVE_DECL_SO_BINDTODEVICE 1
| #define HAVE_DECL_MSG_DONTWAIT 1
| #define HAVE_DECL_MSG_CTRUNC 1
| #define HAVE_DECL_SO_MAX_PACING_RATE 1
| #define HAVE_DECL_SO_DONTROUTE 1
| #define HAVE_DECL_IPV6_TCLASS 1
| #define HAVE_DECL_IP_MULTICAST_ALL 1
| #define HAVE_DECL_IP_TOS 1
| #define HAVE_DECL_IP_DROP_MEMBERSHIP 1
| #define HAVE_DECL_IPV6_LEAVE_GROUP 1
| #define HAVE_DECL_MCAST_LEAVE_GROUP 1
| #define HAVE_DECL_MSG_TRUNC 1
| #define HAVE_DECL_IP_RECVTOS 1
| #define HAVE_DECL_CMSG_FIRSTHDR 1
| #define HAVE_DECL_CMSG_SPACE 1
| #define HAVE_DECL_CMSG_LEN 1
| #define HAVE_DECL_MCAST_JOIN_GROUP 1
| #define HAVE_DECL_MCAST_JOIN_SOURCE_GROUP 1
| #define HAVE_DECL_MCAST_LEAVE_SOURCE_GROUP 1
| #define HAVE_DECL_IPV6_JOIN_GROUP 1
| #define HAVE_DECL_IPV6_V6ONLY 1
| #define HAVE_DECL_IPV6_ADD_MEMBERSHIP 1
| #define HAVE_DECL_IPV6_MULTICAST_HOPS 1
| #define HAVE_DECL_MSG_PEEK 1
| #define HAVE_DECL_MSG_WAITALL 1
| #define HAVE_DECL_TCP_CONGESTION 1
| #define HAVE_DECL_TCP_NODELAY 1
| #define HAVE_DECL_TCP_INFO 1
| #define HAVE_DECL_TCP_CONNECTION_INFO 0
| #define HAVE_DECL_TCP_WINDOW_CLAMP 1
| #define HAVE_DECL_TCP_TX_DELAY 1
| #define HAVE_DECL_TCP_QUICKACK 1
| #define HAVE_DECL_SO_ZEROCOPY 1
| #define HAVE_DECL_MSG_ZEROCOPY 1
| #define HAVE_DECL_MSG_ERRQUEUE 1
| #define HAVE_DECL_IP_MULTICAST_IF 1
| #define HAVE_DECL_IPV6_MULTICAST_IF 1
| #define HAVE_DECL_MCAST_BLOCK_SOURCE 1
| #define HAVE_DECL_MCAST_UNBLOCK_SOURCE 1
| #define HAVE_DECL_IP_BLOCK_SOURCE 1
| #define HAVE_DECL_IP_UNBLOCK_SOURCE 1
| #define HAVE_DECL_TCP_NOTSENT_LOWAT 1
| #define HAVE_DECL_TCP_MAXSEG 1
| #define HAVE_DECL_IP_ADD_MEMBERSHIP 1
| #define HAVE_DECL_IP_ADD_SOURCE_MEMBERSHIP 1
| #define HAVE_DECL_IP_DROP_SOURCE_MEMBERSHIP 1
| #define HAVE_STRUCT_SOCKADDR_STORAGE 1
| #define HAVE_STRUCT_SOCKADDR_IN6 1
| #define HAVE_STRUCT_GROUP_SOURCE_REQ 1
| #define HAVE_STRUCT_IP_MREQ 1
| #define HAVE_STRUCT_IP_MREQN 1
| #define HAVE_STRUCT_IPV6_MREQ 1
| #define HAVE_STRUCT_IP_MREQ_SOURCE 1
| #define HAVE_STRUCT_IP_MREQ_SOURCE_IMR_MULTIADDR_S_ADDR 1
| #define HAVE_STRUCT_TCP_INFO_TCPI_TOTAL_RETRANS 1
| #define HAVE_STRUCT_TCP_INFO_TCPI_UNACKED 1
| #define HAVE_STRUCT_TCP_INFO_TCPI_SACKED 1
| #define HAVE_STRUCT_TCP_INFO_TCPI_LOST 1
| #define HAVE_STRUCT_TCP_INFO_TCPI_RETRANS 1
| #define HAVE_STRUCT_TCP_INFO_TCPI_SND_MSS 1
| #define HAVE_STRUCT_TCP_INFO_TCPI_SND_CWND 1
| #define HAVE_STRUCT_TCP_INFO_TCPI_DELIVERED 1
| #define HAVE_STRUCT_TCP_INFO_TCPI_DELIVERED_CE 1
| #define HAVE_STRUCT_TCP_INFO_TCPI_DSACK_DUPS 1
| #define HAVE_STRUCT_TCP_INFO_TCPI_DATA_SEGS_OUT 1
| #define HAVE__BOOL 1
| #define HAVE_STDBOOL_H 1
| /* end confdefs.h.  */
| #ifndef __APPLE_CC__
| 	       not a universal capable compiler
| 	     #endif
| 	     typedef int dummy;
| 
configure:9497: gcc -c -O2  conftest.c >&5
configure:9497: $? = 0
configure:9516: gcc -c -O2  conftest.c >&5
conftest.c: In function 'main':
conftest.c:169:18: error: unknown type name 'not'; did you mean 'ino_t'?
  169 |                  not big endian
      |                  ^~~
      |                  ino_t
conftest.c:169:26: error: expected '=', ',', ';', 'asm' or '__attribute__' before 'endian'
  169 |                  not big endian
      |                          ^~~~~~
configure:9516: $? = 1
configure: failed program was:
| /* confdefs.h */
| #define PACKAGE_NAME "Iperf"
| #define PACKAGE_TARNAME "iperf"
| #define PACKAGE_VERSION "2.2.1"
| #define PACKAGE_STRING "Iperf 2.2.1"
| #define PACKAGE_BUGREPORT ""
| #define PACKAGE_URL ""
| #define PACKAGE "iperf"
| #define VERSION "2.2.1"
| #define HAVE_LIBRT 1
| #define HAVE_PTHREAD_PRIO_INHERIT 1
| #define HAVE_PTHREAD 1
| #define HAVE_POSIX_THREAD 1
| #define _REENTRANT 1
| #define HAVE_STDIO_H 1
| #define HAVE_STDLIB_H 1
| #define HAVE_STRING_H 1
| #define HAVE_INTTYPES_H 1
| #define HAVE_STDINT_H 1
| #define HAVE_STRINGS_H 1
| #define HAVE_SYS_STAT_H 1
| #define HAVE_SYS_TYPES_H 1
| #define HAVE_UNISTD_H 1
| #define HAVE_SYS_SELECT_H 1
| #define HAVE_SYS_SOCKET_H 1
| #define STDC_HEADERS 1
| #define HAVE_ARPA_INET_H 1
| #define HAVE_LIBINTL_H 1
| #define HAVE_NET_ETHERNET_H 1
| #define HAVE_NET_IF_H 1
| #define HAVE_SYS_IOCTL_H 1
| #define HAVE_LINUX_SOCKIOS_H 1
| #define HAVE_LINUX_IP_H 1
| #define HAVE_LINUX_UDP_H 1
| #define HAVE_LINUX_TCP_H 1
| #define HAVE_LINUX_IF_PACKET_H 1
| #define HAVE_LINUX_FILTER_H 1
| #define HAVE_LINUX_IF_TUN_H 1
| #define HAVE_NETDB_H 1
| #define HAVE_NETINET_IN_H 1
| #define HAVE_NETINET_TCP_H 1
| #define HAVE_NETINET_IP_H 1
| #define HAVE_NETINET_UDP_H 1
| #define HAVE_STDLIB_H 1
| #define HAVE_STRING_H 1
| #define HAVE_STRINGS_H 1
| #define HAVE_SYS_SOCKET_H 1
| #define HAVE_SYS_TIME_H 1
| #define HAVE_SYSLOG_H 1
| #define HAVE_UNISTD_H 1
| #define HAVE_SIGNAL_H 1
| #define HAVE_SSIZE_T 1
| #define HAVE_INT64_T 1
| #define Socklen_t socklen_t
| #define SELECT_TYPE_ARG1 int
| #define SELECT_TYPE_ARG234 (fd_set *)
| #define SELECT_TYPE_ARG5 (struct timeval *)
| #define HAVE_STRFTIME 1
| #define HAVE_VPRINTF 1
| #define HAVE_ATEXIT 1
| #define HAVE_MEMSET 1
| #define HAVE_SELECT 1
| #define HAVE_STRCHR 1
| #define HAVE_STRERROR 1
| #define HAVE_STRTOL 1
| #define HAVE_STRTOLL 1
| #define HAVE_STRTOD 1
| #define HAVE_USLEEP 1
| #define HAVE_CLOCK_GETTIME 1
| #define HAVE_SCHED_SETSCHEDULER 1
| #define HAVE_SCHED_YIELD 1
| #define HAVE_MLOCKALL 1
| #define HAVE_SETITIMER 1
| #define HAVE_NANOSLEEP 1
| #define HAVE_CLOCK_NANOSLEEP 1
| #define HAVE_FREOPEN 1
| #define HAVE_GETIFADDRS 1
| #define HAVE_SNPRINTF 1
| #define HAVE_GETTIMEOFDAY 1
| #define HAVE_INET_PTON 1
| #define HAVE_INET_NTOP 1
| #define HAVE_DECL_ENOBUFS 1
| #define HAVE_DECL_EWOULDBLOCK 1
| #define HAVE_DECL_SIOCGIFMTU 1
| #define HAVE_DECL_PTHREAD_CANCEL 1
| #define HAVE_DECL_PTHREAD_THREADID_NP 0
| #define HAVE_DECL_CPU_SET 1
| #define HAVE_DECL_SIGALRM 1
| #define HAVE_DECL_AF_INET6 1
| #define HAVE_DECL_SO_TIMESTAMP 1
| #define HAVE_DECL_SO_SNDTIMEO 1
| #define HAVE_DECL_SO_REUSEADDR 1
| #define HAVE_DECL_SO_REUSEPORT 1
| #define HAVE_DECL_SO_BINDTODEVICE 1
| #define HAVE_DECL_MSG_DONTWAIT 1
| #define HAVE_DECL_MSG_CTRUNC 1
| #define HAVE_DECL_SO_MAX_PACING_RATE 1
| #define HAVE_DECL_SO_DONTROUTE 1
| #define HAVE_DECL_IPV6_TCLASS 1
| #define HAVE_DECL_IP_MULTICAST_ALL 1
| #define HAVE_DECL_IP_TOS 1
| #define HAVE_DECL_IP_DROP_MEMBERSHIP 1
| #define HAVE_DECL_IPV6_LEAVE_GROUP 1
| #define HAVE_DECL_MCAST_LEAVE_GROUP 1
| #define HAVE_DECL_MSG_TRUNC 1
| #define HAVE_DECL_IP_RECVTOS 1
| #define HAVE_DECL_CMSG_FIRSTHDR 1
| #define HAVE_DECL_CMSG_SPACE 1
| #define HAVE_DECL_CMSG_LEN 1
| #define HAVE_DECL_MCAST_JOIN_GROUP 1
| #define HAVE_DECL_MCAST_JOIN_SOURCE_GROUP 1
| #define HAVE_DECL_MCAST_LEAVE_SOURCE_GROUP 1
| #define HAVE_DECL_IPV6_JOIN_GROUP 1
| #define HAVE_DECL_IPV6_V6ONLY 1
| #define HAVE_DECL_IPV6_ADD_MEMBERSHIP 1
| #define HAVE_DECL_IPV6_MULTICAST_HOPS 1
| #define HAVE_DECL_MSG_PEEK 1
| #define HAVE_DECL_MSG_WAITALL 1
| #define HAVE_DECL_TCP_CONGESTION 1
| #define HAVE_DECL_TCP_NODELAY 1
| #define HAVE_DECL_TCP_INFO 1
| #define HAVE_DECL_TCP_CONNECTION_INFO 0
| #define HAVE_DECL_TCP_WINDOW_CLAMP 1
| #define HAVE_DECL_TCP_TX_DELAY 1
| #define HAVE_DECL_TCP_QUICKACK 1
| #define HAVE_DECL_SO_ZEROCOPY 1
| #define HAVE_DECL_MSG_ZEROCOPY 1
| #define HAVE_DECL_MSG_ERRQUEUE 1
| #define HAVE_DECL_IP_MULTICAST_IF 1
| #define HAVE_DECL_IPV6_MULTICAST_IF 1
| #define HAVE_DECL_MCAST_BLOCK_SOURCE 1
| #define HAVE_DECL_MCAST_UNBLOCK_SOURCE 1
| #define HAVE_DECL_IP_BLOCK_SOURCE 1
| #define HAVE_DECL_IP_UNBLOCK_SOURCE 1
| #define HAVE_DECL_TCP_NOTSENT_LOWAT 1
| #define HAVE_DECL_TCP_MAXSEG 1
| #define HAVE_DECL_IP_ADD_MEMBERSHIP 1
| #define HAVE_DECL_IP_ADD_SOURCE_MEMBERSHIP 1
| #define HAVE_DECL_IP_DROP_SOURCE_MEMBERSHIP 1
| #define HAVE_STRUCT_SOCKADDR_STORAGE 1
| #define HAVE_STRUCT_SOCKADDR_IN6 1
| #define HAVE_STRUCT_GROUP_SOURCE_REQ 1
| #define HAVE_STRUCT_IP_MREQ 1
| #define HAVE_STRUCT_IP_MREQN 1
| #define HAVE_STRUCT_IPV6_MREQ 1
| #define HAVE_STRUCT_IP_MREQ_SOURCE 1
| #define HAVE_STRUCT_IP_MREQ_SOURCE_IMR_MULTIADDR_S_ADDR 1
| #define HAVE_STRUCT_TCP_INFO_TCPI_TOTAL_RETRANS 1
| #define HAVE_STRUCT_TCP_INFO_TCPI_UNACKED 1
| #define HAVE_STRUCT_TCP_INFO_TCPI_SACKED 1
| #define HAVE_STRUCT_TCP_INFO_TCPI_LOST 1
| #define HAVE_STRUCT_TCP_INFO_TCPI_RETRANS 1
| #define HAVE_STRUCT_TCP_INFO_TCPI_SND_MSS 1
| #define HAVE_STRUCT_TCP_INFO_TCPI_SND_CWND 1
| #define HAVE_STRUCT_TCP_INFO_TCPI_DELIVERED 1
| #define HAVE_STRUCT_TCP_INFO_TCPI_DELIVERED_CE 1
| #define HAVE_STRUCT_TCP_INFO_TCPI_DSACK_DUPS 1
| #define HAVE_STRUCT_TCP_INFO_TCPI_DATA_SEGS_OUT 1
| #define HAVE__BOOL 1
| #define HAVE_STDBOOL_H 1
| /* end confdefs.h.  */
| #include <sys/types.h>
| 		#include <sys/param.h>
| 
| int
| main (void)
| {
| #if BYTE_ORDER != BIG_ENDIAN
| 		 not big endian
| 		#endif
| 
|   ;
|   return 0;
| }
configure:9657: result: no
configure:9676: checking for gettid syscall
configure:9691: gcc -o conftest -O2   conftest.c -lrt  >&5
configure:9691: $? = 0
configure:9705: result: yes
configure:9709: checking for multicast support
configure:9717: result: yes
configure:9724: checking for multicast ssm support
configure:9732: result: yes
configure:9742: checking for tcpstats support
configure:9746: checking for TCP_INFO_TCPI_TOTAL_RETRANS support
configure:9755: result: yes
configure:9765: checking for IPv6 headers and structures
configure:9778: result: yes
configure:9784: checking for IPv6 multicast support
configure:9797: result: yes
configure:9844: checking whether TPACKET_V2 is declared
configure:9844: gcc -c -O2   conftest.c >&5
configure:9844: $? = 0
configure:9844: result: yes
configure:9870: checking whether IFF_TUN is declared
configure:9870: gcc -c -O2   conftest.c >&5
configure:9870: $? = 0
configure:9870: result: yes
configure:9896: checking whether IFF_TAP is declared
configure:9896: gcc -c -O2   conftest.c >&5
configure:9896: $? = 0
configure:9896: result: yes
configure:9991: checking whether make is GNU make
configure:9998: result: yes
configure:10113: checking that generated files are newer than configure
configure:10119: result: done
configure:10191: creating ./config.status

## ---------------------- ##
## Running config.status. ##
## ---------------------- ##

This file was extended by Iperf config.status 2.2.1, which was
generated by GNU Autoconf 2.72.  Invocation command line was

  CONFIG_FILES    = 
  CONFIG_HEADERS  = 
  CONFIG_LINKS    = 
  CONFIG_COMMANDS = 
  $ ./config.status 

on debianbd

config.status:1057: creating Makefile
config.status:1057: creating compat/Makefile
config.status:1057: creating doc/Makefile
config.status:1057: creating flows/Makefile
config.status:1057: creating include/Makefile
config.status:1057: creating src/Makefile
config.status:1057: creating man/Makefile
config.status:1057: creating config.h
config.status:1286: executing depfiles commands
config.status:1363: cd compat       && sed -e '/# am--include-marker/d' Makefile         | make -f - am--depfiles
config.status:1368: $? = 0
config.status:1363: cd src       && sed -e '/# am--include-marker/d' Makefile         | make -f - am--depfiles
config.status:1368: $? = 0

## ---------------- ##
## Cache variables. ##
## ---------------- ##

ac_cv_accept_arg=socklen_t
ac_cv_build=x86_64-pc-linux-gnu
ac_cv_c_bigendian=no
ac_cv_c_compiler_gnu=yes
ac_cv_c_const=yes
ac_cv_c_undeclared_builtin_options='none needed'
ac_cv_cxx_compiler_gnu=yes
ac_cv_env_CCC_set=
ac_cv_env_CCC_value=
ac_cv_env_CC_set=
ac_cv_env_CC_value=
ac_cv_env_CFLAGS_set=
ac_cv_env_CFLAGS_value=
ac_cv_env_CPPFLAGS_set=
ac_cv_env_CPPFLAGS_value=
ac_cv_env_CPP_set=
ac_cv_env_CPP_value=
ac_cv_env_CXXFLAGS_set=
ac_cv_env_CXXFLAGS_value=
ac_cv_env_CXX_set=
ac_cv_env_CXX_value=
ac_cv_env_LDFLAGS_set=
ac_cv_env_LDFLAGS_value=
ac_cv_env_LIBS_set=
ac_cv_env_LIBS_value=
ac_cv_env_build_alias_set=
ac_cv_env_build_alias_value=
ac_cv_env_host_alias_set=
ac_cv_env_host_alias_value=
ac_cv_env_target_alias_set=
ac_cv_env_target_alias_value=
ac_cv_func_atexit=yes
ac_cv_func_clock_gettime=yes
ac_cv_func_clock_nanosleep=yes
ac_cv_func_freopen=yes
ac_cv_func_getifaddrs=yes
ac_cv_func_gettimeofday=yes
ac_cv_func_inet_ntop=yes
ac_cv_func_inet_pton=yes
ac_cv_func_memcmp_working=yes
ac_cv_func_memset=yes
ac_cv_func_mlockall=yes
ac_cv_func_nanosleep=yes
ac_cv_func_sched_setscheduler=yes
ac_cv_func_sched_yield=yes
ac_cv_func_select=yes
ac_cv_func_select_args='int,fd_set *,struct timeval *'
ac_cv_func_setitimer=yes
ac_cv_func_snprintf=yes
ac_cv_func_strchr=yes
ac_cv_func_strerror=yes
ac_cv_func_strftime=yes
ac_cv_func_strtod=yes
ac_cv_func_strtol=yes
ac_cv_func_strtoll=yes
ac_cv_func_usleep=yes
ac_cv_func_vprintf=yes
ac_cv_have_decl_AF_INET6=yes
ac_cv_have_decl_CMSG_FIRSTHDR=yes
ac_cv_have_decl_CMSG_LEN=yes
ac_cv_have_decl_CMSG_SPACE=yes
ac_cv_have_decl_CPU_SET=yes
ac_cv_have_decl_ENOBUFS=yes
ac_cv_have_decl_EWOULDBLOCK=yes
ac_cv_have_decl_IFF_TAP=yes
ac_cv_have_decl_IFF_TUN=yes
ac_cv_have_decl_IPV6_ADD_MEMBERSHIP=yes
ac_cv_have_decl_IPV6_JOIN_GROUP=yes
ac_cv_have_decl_IPV6_LEAVE_GROUP=yes
ac_cv_have_decl_IPV6_MULTICAST_HOPS=yes
ac_cv_have_decl_IPV6_MULTICAST_IF=yes
ac_cv_have_decl_IPV6_TCLASS=yes
ac_cv_have_decl_IPV6_V6ONLY=yes
ac_cv_have_decl_IP_ADD_MEMBERSHIP=yes
ac_cv_have_decl_IP_ADD_SOURCE_MEMBERSHIP=yes
ac_cv_have_decl_IP_BLOCK_SOURCE=yes
ac_cv_have_decl_IP_DROP_MEMBERSHIP=yes
ac_cv_have_decl_IP_DROP_SOURCE_MEMBERSHIP=yes
ac_cv_have_decl_IP_MULTICAST_ALL=yes
ac_cv_have_decl_IP_MULTICAST_IF=yes
ac_cv_have_decl_IP_RECVTOS=yes
ac_cv_have_decl_IP_TOS=yes
ac_cv_have_decl_IP_UNBLOCK_SOURCE=yes
ac_cv_have_decl_MCAST_BLOCK_SOURCE=yes
ac_cv_have_decl_MCAST_JOIN_GROUP=yes
ac_cv_have_decl_MCAST_JOIN_SOURCE_GROUP=yes
ac_cv_have_decl_MCAST_LEAVE_GROUP=yes
ac_cv_have_decl_MCAST_LEAVE_SOURCE_GROUP=yes
ac_cv_have_decl_MCAST_UNBLOCK_SOURCE=yes
ac_cv_have_decl_MSG_CTRUNC=yes
ac_cv_have_decl_MSG_DONTWAIT=yes
ac_cv_have_decl_MSG_ERRQUEUE=yes
ac_cv_have_decl_MSG_PEEK=yes
ac_cv_have_decl_MSG_TRUNC=yes
ac_cv_have_decl_MSG_WAITALL=yes
ac_cv_have_decl_MSG_ZEROCOPY=yes
ac_cv_have_decl_SIGALRM=yes
ac_cv_have_decl_SIOCGIFMTU=yes
ac_cv_have_decl_SO_BINDTODEVICE=yes
ac_cv_have_decl_SO_DONTROUTE=yes
ac_cv_have_decl_SO_MAX_PACING_RATE=yes
ac_cv_have_decl_SO_REUSEADDR=yes
ac_cv_have_decl_SO_REUSEPORT=yes
ac_cv_have_decl_SO_SNDTIMEO=yes
ac_cv_have_decl_SO_TIMESTAMP=yes
ac_cv_have_decl_SO_ZEROCOPY=yes
ac_cv_have_decl_TCP_CONGESTION=yes
ac_cv_have_decl_TCP_CONNECTION_INFO=no
ac_cv_have_decl_TCP_INFO=yes
ac_cv_have_decl_TCP_MAXSEG=yes
ac_cv_have_decl_TCP_NODELAY=yes
ac_cv_have_decl_TCP_NOTSENT_LOWAT=yes
ac_cv_have_decl_TCP_QUICKACK=yes
ac_cv_have_decl_TCP_TX_DELAY=yes
ac_cv_have_decl_TCP_WINDOW_CLAMP=yes
ac_cv_have_decl_TPACKET_V2=yes
ac_cv_have_decl_pthread_cancel=yes
ac_cv_have_decl_pthread_threadid_np=no
ac_cv_have_ipv6=yes
ac_cv_have_ipv6_multicast=yes
ac_cv_header_arpa_inet_h=yes
ac_cv_header_inttypes_h=yes
ac_cv_header_libintl_h=yes
ac_cv_header_linux_filter_h=yes
ac_cv_header_linux_if_packet_h=yes
ac_cv_header_linux_if_tun_h=yes
ac_cv_header_linux_ip_h=yes
ac_cv_header_linux_sockios_h=yes
ac_cv_header_linux_tcp_h=yes
ac_cv_header_linux_udp_h=yes
ac_cv_header_net_ethernet_h=yes
ac_cv_header_net_if_h=yes
ac_cv_header_netdb_h=yes
ac_cv_header_netinet_in_h=yes
ac_cv_header_netinet_ip_h=yes
ac_cv_header_netinet_tcp_h=yes
ac_cv_header_netinet_udp_h=yes
ac_cv_header_signal_h=yes
ac_cv_header_stdbool_h=yes
ac_cv_header_stdint_h=yes
ac_cv_header_stdio_h=yes
ac_cv_header_stdlib_h=yes
ac_cv_header_string_h=yes
ac_cv_header_strings_h=yes
ac_cv_header_sys_ioctl_h=yes
ac_cv_header_sys_select_h=yes
ac_cv_header_sys_socket_h=yes
ac_cv_header_sys_sockio_h=no
ac_cv_header_sys_stat_h=yes
ac_cv_header_sys_time_h=yes
ac_cv_header_sys_types_h=yes
ac_cv_header_syslog_h=yes
ac_cv_header_unistd_h=yes
ac_cv_host=x86_64-pc-linux-gnu
ac_cv_lib_rt_clock_gettime=yes
ac_cv_member_struct_ip_mreq_source_imr_multiaddr_s_addr=yes
ac_cv_member_struct_sockaddr_in6_sin6_len=no
ac_cv_member_struct_tcp_info_tcpi_data_segs_out=yes
ac_cv_member_struct_tcp_info_tcpi_delivered=yes
ac_cv_member_struct_tcp_info_tcpi_delivered_ce=yes
ac_cv_member_struct_tcp_info_tcpi_dsack_dups=yes
ac_cv_member_struct_tcp_info_tcpi_lost=yes
ac_cv_member_struct_tcp_info_tcpi_retrans=yes
ac_cv_member_struct_tcp_info_tcpi_sacked=yes
ac_cv_member_struct_tcp_info_tcpi_snd_cwnd=yes
ac_cv_member_struct_tcp_info_tcpi_snd_mss=yes
ac_cv_member_struct_tcp_info_tcpi_total_retrans=yes
ac_cv_member_struct_tcp_info_tcpi_unacked=yes
ac_cv_multicast=yes
ac_cv_objext=o
ac_cv_path_EGREP_TRADITIONAL='/usr/bin/grep -E'
ac_cv_path_SED=/usr/bin/sed
ac_cv_path_install='/usr/bin/install -c'
ac_cv_path_mkdir=/usr/bin/mkdir
ac_cv_prog_AWK=gawk
ac_cv_prog_CPP='gcc -E'
ac_cv_prog_ac_ct_CC=gcc
ac_cv_prog_ac_ct_CXX=g++
ac_cv_prog_ac_ct_RANLIB=ranlib
ac_cv_prog_cc_c11=
ac_cv_prog_cc_g=yes
ac_cv_prog_cc_stdc=
ac_cv_prog_cxx_cxx11=
ac_cv_prog_cxx_g=yes
ac_cv_prog_cxx_stdcxx=
ac_cv_prog_make_make_set=yes
ac_cv_search_gethostbyname='none required'
ac_cv_search_socket='none required'
ac_cv_search_strerror='none required'
ac_cv_ssm_multicast=yes
ac_cv_struct_tm=time.h
ac_cv_tcpstats=yes
ac_cv_type__Bool=yes
ac_cv_type_int64_t=yes
ac_cv_type_size_t=yes
ac_cv_type_ssize_t=yes
ac_cv_type_struct_group_source_req=yes
ac_cv_type_struct_ip_mreq=yes
ac_cv_type_struct_ip_mreq_source=yes
ac_cv_type_struct_ip_mreqn=yes
ac_cv_type_struct_ipv6_mreq=yes
ac_cv_type_struct_sockaddr_in6=yes
ac_cv_type_struct_sockaddr_storage=yes
am_cv_CC_dependencies_compiler_type=gcc3
am_cv_CXX_dependencies_compiler_type=gcc3
am_cv_make_support_nested_variables=yes
am_cv_prog_cc_c_o=yes
ax_cv_PTHREAD_CLANG=no
ax_cv_PTHREAD_JOINABLE_ATTR=PTHREAD_CREATE_JOINABLE
ax_cv_PTHREAD_PRIO_INHERIT=yes
ax_cv_PTHREAD_SPECIAL_FLAGS=no

## ----------------- ##
## Output variables. ##
## ----------------- ##

ACLOCAL='${SHELL} '\''/home/bedallas/Projects/PUCRS/linuxdistro/buildroot/iperf/iperf-2.2.1/missing'\'' aclocal-1.16'
AF_PACKET_FALSE='#'
AF_PACKET_TRUE=''
AMDEPBACKSLASH='\'
AMDEP_FALSE='#'
AMDEP_TRUE=''
AMTAR='$${TAR-tar}'
AM_BACKSLASH='\'
AM_DEFAULT_V='$(AM_DEFAULT_VERBOSITY)'
AM_DEFAULT_VERBOSITY='1'
AM_V='$(V)'
AUTOCONF='${SHELL} '\''/home/bedallas/Projects/PUCRS/linuxdistro/buildroot/iperf/iperf-2.2.1/missing'\'' autoconf'
AUTOHEADER='${SHELL} '\''/home/bedallas/Projects/PUCRS/linuxdistro/buildroot/iperf/iperf-2.2.1/missing'\'' autoheader'
AUTOMAKE='${SHELL} '\''/home/bedallas/Projects/PUCRS/linuxdistro/buildroot/iperf/iperf-2.2.1/missing'\'' automake-1.16'
AWK='gawk'
CC='gcc'
CCDEPMODE='depmode=gcc3'
CFLAGS='-O2'
CHECKPROGRAMS_FALSE=''
CHECKPROGRAMS_TRUE='#'
CPP='gcc -E'
CPPFLAGS=''
CSCOPE='cscope'
CTAGS='ctags'
CXX='g++'
CXXDEPMODE='depmode=gcc3'
CXXFLAGS='-g -O2'
CYGPATH_W='echo'
DEBUG_SYMBOLS_FALSE=''
DEBUG_SYMBOLS_TRUE='#'
DEFS='-DHAVE_CONFIG_H'
DEPDIR='.deps'
DISCOVER_DEFAULTLEN_FALSE=''
DISCOVER_DEFAULTLEN_TRUE='#'
ECHO_C=''
ECHO_N='-n'
ECHO_T=''
ETAGS='etags'
EXEEXT=''
FASTSAMPLING_FALSE=''
FASTSAMPLING_TRUE='#'
INSTALL_DATA='${INSTALL} -m 644'
INSTALL_PROGRAM='${INSTALL}'
INSTALL_SCRIPT='${INSTALL}'
INSTALL_STRIP_PROGRAM='$(install_sh) -c -s'
LDFLAGS=''
LIBOBJS=''
LIBS='-lrt '
LTLIBOBJS=''
MAINT='#'
MAINTAINER_MODE_FALSE=''
MAINTAINER_MODE_TRUE='#'
MAKEINFO='${SHELL} '\''/home/bedallas/Projects/PUCRS/linuxdistro/buildroot/iperf/iperf-2.2.1/missing'\'' makeinfo'
MKDIR_P='/usr/bin/mkdir -p'
OBJEXT='o'
PACKAGE='iperf'
PACKAGE_BUGREPORT=''
PACKAGE_NAME='Iperf'
PACKAGE_STRING='Iperf 2.2.1'
PACKAGE_TARNAME='iperf'
PACKAGE_URL=''
PACKAGE_VERSION='2.2.1'
PACKET_DEBUG_FALSE=''
PACKET_DEBUG_TRUE='#'
PATH_SEPARATOR=':'
PTHREAD_CC='gcc'
PTHREAD_CFLAGS='-pthread'
PTHREAD_LIBS=''
RANLIB='ranlib'
SED='/usr/bin/sed'
SET_MAKE=''
SHELL='/bin/bash'
STRIP=''
STRIP_BEGIN='$(strip $(STRIP_DUMMY)'
STRIP_DUMMY=''
STRIP_END=')'
SUMMING_DEBUG_FALSE=''
SUMMING_DEBUG_TRUE='#'
THREAD_DEBUG_FALSE=''
THREAD_DEBUG_TRUE='#'
UDP_L4S_FALSE=''
UDP_L4S_TRUE='#'
VERSION='2.2.1'
ac_ct_CC='gcc'
ac_ct_CXX='g++'
am__EXEEXT_FALSE=''
am__EXEEXT_TRUE='#'
am__fastdepCC_FALSE='#'
am__fastdepCC_TRUE=''
am__fastdepCXX_FALSE='#'
am__fastdepCXX_TRUE=''
am__include='include'
am__isrc=''
am__leading_dot='.'
am__nodep='_no'
am__quote=''
am__tar='$${TAR-tar} chof - "$$tardir"'
am__untar='$${TAR-tar} xf -'
ax_pthread_config=''
bindir='${exec_prefix}/bin'
build='x86_64-pc-linux-gnu'
build_alias=''
build_cpu='x86_64'
build_os='linux-gnu'
build_vendor='pc'
datadir='${datarootdir}'
datarootdir='${prefix}/share'
docdir='${datarootdir}/doc/${PACKAGE_TARNAME}'
dvidir='${docdir}'
exec_prefix='${prefix}'
host='x86_64-pc-linux-gnu'
host_alias=''
host_cpu='x86_64'
host_os='linux-gnu'
host_vendor='pc'
htmldir='${docdir}'
includedir='${prefix}/include'
infodir='${datarootdir}/info'
install_sh='${SHELL} /home/bedallas/Projects/PUCRS/linuxdistro/buildroot/iperf/iperf-2.2.1/install-sh'
libdir='${exec_prefix}/lib'
libexecdir='${exec_prefix}/libexec'
localedir='${datarootdir}/locale'
localstatedir='${prefix}/var'
mandir='${datarootdir}/man'
mkdir_p='$(MKDIR_P)'
oldincludedir='/usr/include'
pdfdir='${docdir}'
prefix='/usr/local'
program_transform_name='s,x,x,'
psdir='${docdir}'
runstatedir='${localstatedir}/run'
sbindir='${exec_prefix}/sbin'
sharedstatedir='${prefix}/com'
sysconfdir='${prefix}/etc'
target_alias=''

## ----------- ##
## confdefs.h. ##
## ----------- ##

/* confdefs.h */
#define PACKAGE_NAME "Iperf"
#define PACKAGE_TARNAME "iperf"
#define PACKAGE_VERSION "2.2.1"
#define PACKAGE_STRING "Iperf 2.2.1"
#define PACKAGE_BUGREPORT ""
#define PACKAGE_URL ""
#define PACKAGE "iperf"
#define VERSION "2.2.1"
#define HAVE_LIBRT 1
#define HAVE_PTHREAD_PRIO_INHERIT 1
#define HAVE_PTHREAD 1
#define HAVE_POSIX_THREAD 1
#define _REENTRANT 1
#define HAVE_STDIO_H 1
#define HAVE_STDLIB_H 1
#define HAVE_STRING_H 1
#define HAVE_INTTYPES_H 1
#define HAVE_STDINT_H 1
#define HAVE_STRINGS_H 1
#define HAVE_SYS_STAT_H 1
#define HAVE_SYS_TYPES_H 1
#define HAVE_UNISTD_H 1
#define HAVE_SYS_SELECT_H 1
#define HAVE_SYS_SOCKET_H 1
#define STDC_HEADERS 1
#define HAVE_ARPA_INET_H 1
#define HAVE_LIBINTL_H 1
#define HAVE_NET_ETHERNET_H 1
#define HAVE_NET_IF_H 1
#define HAVE_SYS_IOCTL_H 1
#define HAVE_LINUX_SOCKIOS_H 1
#define HAVE_LINUX_IP_H 1
#define HAVE_LINUX_UDP_H 1
#define HAVE_LINUX_TCP_H 1
#define HAVE_LINUX_IF_PACKET_H 1
#define HAVE_LINUX_FILTER_H 1
#define HAVE_LINUX_IF_TUN_H 1
#define HAVE_NETDB_H 1
#define HAVE_NETINET_IN_H 1
#define HAVE_NETINET_TCP_H 1
#define HAVE_NETINET_IP_H 1
#define HAVE_NETINET_UDP_H 1
#define HAVE_STDLIB_H 1
#define HAVE_STRING_H 1
#define HAVE_STRINGS_H 1
#define HAVE_SYS_SOCKET_H 1
#define HAVE_SYS_TIME_H 1
#define HAVE_SYSLOG_H 1
#define HAVE_UNISTD_H 1
#define HAVE_SIGNAL_H 1
#define HAVE_SSIZE_T 1
#define HAVE_INT64_T 1
#define Socklen_t socklen_t
#define SELECT_TYPE_ARG1 int
#define SELECT_TYPE_ARG234 (fd_set *)
#define SELECT_TYPE_ARG5 (struct timeval *)
#define HAVE_STRFTIME 1
#define HAVE_VPRINTF 1
#define HAVE_ATEXIT 1
#define HAVE_MEMSET 1
#define HAVE_SELECT 1
#define HAVE_STRCHR 1
#define HAVE_STRERROR 1
#define HAVE_STRTOL 1
#define HAVE_STRTOLL 1
#define HAVE_STRTOD 1
#define HAVE_USLEEP 1
#define HAVE_CLOCK_GETTIME 1
#define HAVE_SCHED_SETSCHEDULER 1
#define HAVE_SCHED_YIELD 1
#define HAVE_MLOCKALL 1
#define HAVE_SETITIMER 1
#define HAVE_NANOSLEEP 1
#define HAVE_CLOCK_NANOSLEEP 1
#define HAVE_FREOPEN 1
#define HAVE_GETIFADDRS 1
#define HAVE_SNPRINTF 1
#define HAVE_GETTIMEOFDAY 1
#define HAVE_INET_PTON 1
#define HAVE_INET_NTOP 1
#define HAVE_DECL_ENOBUFS 1
#define HAVE_DECL_EWOULDBLOCK 1
#define HAVE_DECL_SIOCGIFMTU 1
#define HAVE_DECL_PTHREAD_CANCEL 1
#define HAVE_DECL_PTHREAD_THREADID_NP 0
#define HAVE_DECL_CPU_SET 1
#define HAVE_DECL_SIGALRM 1
#define HAVE_DECL_AF_INET6 1
#define HAVE_DECL_SO_TIMESTAMP 1
#define HAVE_DECL_SO_SNDTIMEO 1
#define HAVE_DECL_SO_REUSEADDR 1
#define HAVE_DECL_SO_REUSEPORT 1
#define HAVE_DECL_SO_BINDTODEVICE 1
#define HAVE_DECL_MSG_DONTWAIT 1
#define HAVE_DECL_MSG_CTRUNC 1
#define HAVE_DECL_SO_MAX_PACING_RATE 1
#define HAVE_DECL_SO_DONTROUTE 1
#define HAVE_DECL_IPV6_TCLASS 1
#define HAVE_DECL_IP_MULTICAST_ALL 1
#define HAVE_DECL_IP_TOS 1
#define HAVE_DECL_IP_DROP_MEMBERSHIP 1
#define HAVE_DECL_IPV6_LEAVE_GROUP 1
#define HAVE_DECL_MCAST_LEAVE_GROUP 1
#define HAVE_DECL_MSG_TRUNC 1
#define HAVE_DECL_IP_RECVTOS 1
#define HAVE_DECL_CMSG_FIRSTHDR 1
#define HAVE_DECL_CMSG_SPACE 1
#define HAVE_DECL_CMSG_LEN 1
#define HAVE_DECL_MCAST_JOIN_GROUP 1
#define HAVE_DECL_MCAST_JOIN_SOURCE_GROUP 1
#define HAVE_DECL_MCAST_LEAVE_SOURCE_GROUP 1
#define HAVE_DECL_IPV6_JOIN_GROUP 1
#define HAVE_DECL_IPV6_V6ONLY 1
#define HAVE_DECL_IPV6_ADD_MEMBERSHIP 1
#define HAVE_DECL_IPV6_MULTICAST_HOPS 1
#define HAVE_DECL_MSG_PEEK 1
#define HAVE_DECL_MSG_WAITALL 1
#define HAVE_DECL_TCP_CONGESTION 1
#define HAVE_DECL_TCP_NODELAY 1
#define HAVE_DECL_TCP_INFO 1
#define HAVE_DECL_TCP_CONNECTION_INFO 0
#define HAVE_DECL_TCP_WINDOW_CLAMP 1
#define HAVE_DECL_TCP_TX_DELAY 1
#define HAVE_DECL_TCP_QUICKACK 1
#define HAVE_DECL_SO_ZEROCOPY 1
#define HAVE_DECL_MSG_ZEROCOPY 1
#define HAVE_DECL_MSG_ERRQUEUE 1
#define HAVE_DECL_IP_MULTICAST_IF 1
#define HAVE_DECL_IPV6_MULTICAST_IF 1
#define HAVE_DECL_MCAST_BLOCK_SOURCE 1
#define HAVE_DECL_MCAST_UNBLOCK_SOURCE 1
#define HAVE_DECL_IP_BLOCK_SOURCE 1
#define HAVE_DECL_IP_UNBLOCK_SOURCE 1
#define HAVE_DECL_TCP_NOTSENT_LOWAT 1
#define HAVE_DECL_TCP_MAXSEG 1
#define HAVE_DECL_IP_ADD_MEMBERSHIP 1
#define HAVE_DECL_IP_ADD_SOURCE_MEMBERSHIP 1
#define HAVE_DECL_IP_DROP_SOURCE_MEMBERSHIP 1
#define HAVE_STRUCT_SOCKADDR_STORAGE 1
#define HAVE_STRUCT_SOCKADDR_IN6 1
#define HAVE_STRUCT_GROUP_SOURCE_REQ 1
#define HAVE_STRUCT_IP_MREQ 1
#define HAVE_STRUCT_IP_MREQN 1
#define HAVE_STRUCT_IPV6_MREQ 1
#define HAVE_STRUCT_IP_MREQ_SOURCE 1
#define HAVE_STRUCT_IP_MREQ_SOURCE_IMR_MULTIADDR_S_ADDR 1
#define HAVE_STRUCT_TCP_INFO_TCPI_TOTAL_RETRANS 1
#define HAVE_STRUCT_TCP_INFO_TCPI_UNACKED 1
#define HAVE_STRUCT_TCP_INFO_TCPI_SACKED 1
#define HAVE_STRUCT_TCP_INFO_TCPI_LOST 1
#define HAVE_STRUCT_TCP_INFO_TCPI_RETRANS 1
#define HAVE_STRUCT_TCP_INFO_TCPI_SND_MSS 1
#define HAVE_STRUCT_TCP_INFO_TCPI_SND_CWND 1
#define HAVE_STRUCT_TCP_INFO_TCPI_DELIVERED 1
#define HAVE_STRUCT_TCP_INFO_TCPI_DELIVERED_CE 1
#define HAVE_STRUCT_TCP_INFO_TCPI_DSACK_DUPS 1
#define HAVE_STRUCT_TCP_INFO_TCPI_DATA_SEGS_OUT 1
#define HAVE__BOOL 1
#define HAVE_STDBOOL_H 1
#define HAVE_GETTID_SYSCALL 1
#define HAVE_MULTICAST 1
#define HAVE_SSM_MULTICAST 1
#define HAVE_TCP_STATS 1
#define HAVE_IPV6 1
#define HAVE_IPV6_MULTICAST 1
#define HAVE_AF_PACKET 1
#define HAVE_DECL_IFF_TUN 1
#define HAVE_TUNTAP_TUN 1
#define HAVE_DECL_IFF_TAP 1
#define HAVE_TUNTAP_TAP 1
#define NDEBUG 1
#define HAVE_KALMAN 1
#define HAVE_ROLE_REVERSAL_ID 1
#define HAVE_SEQNO64b 1
#define HAVE_ISOCHRONOUS 1

configure: exit 0
